String_FR_GetIlElle_male;_;;;;;;;;;;X
String_FR_GetIlElle_female;_;;;;;;;;;;X
String_FR_GetIlElleCap_male;_;;;;;;;;;;X
String_FR_GetIlElleCap_female;_;;;;;;;;;;X
String_FR_GetIlElleOpp_male;_;;;;;;;;;;X
String_FR_GetIlElleOpp_female;_;;;;;;;;;;X
String_FR_GetIlElleCapOpp_male;_;;;;;;;;;;X
String_FR_GetIlElleCapOpp_female;_;;;;;;;;;;X
String_FR_GetLeLa_male;_;;;;;;;;;;X
String_FR_GetLeLa_female;_;;;;;;;;;;X
String_FR_GetLeLaCap_male;_;;;;;;;;;;X
String_FR_GetLeLaCap_female;_;;;;;;;;;;X
String_FR_GetLeLaOpp_male;_;;;;;;;;;;X
String_FR_GetLeLaOpp_female;_;;;;;;;;;;X
String_FR_GetLeLaCapOpp_male;_;;;;;;;;;;X
String_FR_GetLeLaCapOpp_female;_;;;;;;;;;;X
String_FR_GetLuiElle_male;_;;;;;;;;;;X
String_FR_GetLuiElle_female;_;;;;;;;;;;X
String_FR_GetLuiElleCap_male;_;;;;;;;;;;X
String_FR_GetLuiElleCap_female;_;;;;;;;;;;X
String_FR_GetLuiElleOpp_male;_;;;;;;;;;;X
String_FR_GetLuiElleOpp_female;_;;;;;;;;;;X
String_FR_GetCeluiCelle_male;_;;;;;;;;;;X
String_FR_GetCeluiCelle_female;_;;;;;;;;;;X
String_FR_GetCeluiCelleCap_male;_;;;;;;;;;;X
String_FR_GetCeluiCelleCap_female;_;;;;;;;;;;X
String_FR_GetOnA_male;_;;;;;;;;;;X
String_FR_GetOnA_female;_;;;;;;;;;;X
String_FR_GetOnAOpp_male;_;;;;;;;;;;X
String_FR_GetOnAOpp_female;_;;;;;;;;;;X
String_FR_GetErEre_male;_;;;;;;;;;;X
String_FR_GetErEre_female;_;;;;;;;;;;X
String_FR_GetEEtte_male;_;;;;;;;;;;X
String_FR_GetEEtte_female;_;;;;;;;;;;X
String_FR_GetEtEtte_male;_;;;;;;;;;;X
String_FR_GetEtEtte_female;_;;;;;;;;;;X
String_FR_GetXSe_male;_;;;;;;;;;;X
String_FR_GetXSe_female;_;;;;;;;;;;X
String_FR_GetLLle_male;_;;;;;;;;;;X
String_FR_GetLLle_female;_;;;;;;;;;;X
String_FR_GetEurRice_male;_;;;;;;;;;;X
String_FR_GetEurRice_female;_;;;;;;;;;;X
String_FR_GetXCe_male;_;;;;;;;;;;X
String_FR_GetXCe_female;_;;;;;;;;;;X
String_FR_GetNNne_male;_;;;;;;;;;;X
String_FR_GetNNne_female;_;;;;;;;;;;X
String_FR_GetRSe_male;_;;;;;;;;;;X
String_FR_GetRSe_female;_;;;;;;;;;;X
String_FR_GetFVe_male;_;;;;;;;;;;X
String_FR_GetFVe_female;_;;;;;;;;;;X
String_FR_GetEtEte_male;_;;;;;;;;;;X
String_FR_GetEtEte_female;_;;;;;;;;;;X
String_FR_GetEurEresse_male;_;;;;;;;;;;X
String_FR_GetEurEresse_female;_;;;;;;;;;;X
String_FR_GetOuOlle_male;_;;;;;;;;;;X
String_FR_GetOuOlle_female;_;;;;;;;;;;X
String_FR_GetEauElle_male;_;;;;;;;;;;X
String_FR_GetEauElle_female;_;;;;;;;;;;X
String_FR_GetSSse_male;_;;;;;;;;;;X
String_FR_GetSSse_female;_;;;;;;;;;;X
String_FR_GetEEsse_male;_;;;;;;;;;;X
String_FR_GetEEsse_female;_;;;;;;;;;;X
String_FR_GetEteEtesse_male;_;;;;;;;;;;X
String_FR_GetEteEtesse_female;_;;;;;;;;;;X
String_FR_GetXSse_male;_;;;;;;;;;;X
String_FR_GetXSse_female;_;;;;;;;;;;X
String_FR_GetTTte_male;_;;;;;;;;;;X
String_FR_GetTTte_female;_;;;;;;;;;;X
String_FR_GetLLa_male;_;;;;;;;;;;X
String_FR_GetLLa_female;_;;;;;;;;;;X
String_FR_GetLLaOpp_male;_;;;;;;;;;;X
String_FR_GetLLaOpp_female;_;;;;;;;;;;X
String_FR_GetLLaCap_male;_;;;;;;;;;;X
String_FR_GetLLaCap_female;_;;;;;;;;;;X
String_FR_GetDDe_male;_;;;;;;;;;;X
String_FR_GetDDe_female;_;;;;;;;;;;X
String_FR_GetSilSielle_male;_;;;;;;;;;;X
String_FR_GetSilSielle_female;_;;;;;;;;;;X
String_FR_GetSilSielleCap_male;_;;;;;;;;;;X
String_FR_GetSilSielleCap_female;_;;;;;;;;;;X
String_FR_GetEluiElle_male;_;;;;;;;;;;X
String_FR_GetEluiElle_female;_;;;;;;;;;;X
String_FR_GetAuAla_male;_;;;;;;;;;;X
String_FR_GetAuAla_female;_;;;;;;;;;;X
String_FR_GetAuAlaCap_male;_;;;;;;;;;;X
String_FR_GetAuAlaCap_female;_;;;;;;;;;;X
String_FR_GetDuDela_male;_;;;;;;;;;;X
String_FR_GetDuDela_female;_;;;;;;;;;;X
String_FR_APOSTROPHE;_;;;;;;;;;;X
String_FR_e_;_;;;;;;;;;;X
String_FR_de_;_;;;;;;;;;;X
String_FR_d;_;;;;;;;;;;X
String_FR_de_l;_;;;;;;;;;;X
String_FR_de_la_;_;;;;;;;;;;X
String_FR_des_;_;;;;;;;;;;X
String_FR_du_;_;;;;;;;;;;X
String_FR_chez_les_;_;;;;;;;;;;X
String_FR_dans_l;_;;;;;;;;;;X
String_FR_dans_la_;_;;;;;;;;;;X
String_FR_dans_le_;_;;;;;;;;;;X
String_FR_dans_les_;_;;;;;;;;;;X
String_FR_au_;_;;;;;;;;;;X
String_FR_a_l;_;;;;;;;;;;X
String_FR_a_la_;_;;;;;;;;;;X
String_FR_aux_;_;;;;;;;;;;X
String_FR_Au_;_;;;;;;;;;;X
String_FR_A_l;_;;;;;;;;;;X
String_FR_A_la_;_;;;;;;;;;;X
String_FR_Aux_;_;;;;;;;;;;X
String_FR_le_;_;;;;;;;;;;X
String_FR_la_;_;;;;;;;;;;X
String_FR_l;_;;;;;;;;;;X
String_FR_les_;_;;;;;;;;;;X
String_FR_Le_;_;;;;;;;;;;X
String_FR_La_;_;;;;;;;;;;X
String_FR_L;_;;;;;;;;;;X
String_FR_Les_;_;;;;;;;;;;X
String_FR_on_;_;;;;;;;;;;X
String_FR_a_;_;;;;;;;;;;X
String_FR_a_ACCENT;_;;;;;;;;;;X
String_FR_A_ACCENT;_;;;;;;;;;;X
String_FR_en_;_;;;;;;;;;;X
String_FR_GetHoldingAuAla_Castle_1;_;;;;;;;;;;X
String_FR_GetHoldingAuAla_Castle_2;_;;;;;;;;;;X
String_FR_GetHoldingAuAla_Castle_3;_;;;;;;;;;;X
String_FR_GetHoldingAuAla_City_1;_;;;;;;;;;;X
String_FR_GetHoldingAuAla_City_2;_;;;;;;;;;;X
String_FR_GetHoldingAuAla_City_3;_;;;;;;;;;;X
String_FR_GetHoldingAuAla_Fallback_1;_;;;;;;;;;;X
String_FR_GetHoldingAuAla_Nomad_1;_;;;;;;;;;;X
String_FR_GetHoldingAuAla_Nomad_2;_;;;;;;;;;;X
String_FR_GetHoldingAuAla_Nomad_3;_;;;;;;;;;;X
String_FR_GetHoldingAuAla_settlement;_;;;;;;;;;;X
String_FR_GetHoldingAuAla_Temple_1;_;;;;;;;;;;X
String_FR_GetHoldingAuAla_Tribal_1;_;;;;;;;;;;X
String_FR_GetHoldingAuAla_Tribal_2;_;;;;;;;;;;X
String_FR_GetHoldingAuAla_Tribal_3;_;;;;;;;;;;X
String_FR_GetHoldingDuDela_Castle_1;_;;;;;;;;;;X
String_FR_GetHoldingDuDela_Castle_2;_;;;;;;;;;;X
String_FR_GetHoldingDuDela_Castle_3;_;;;;;;;;;;X
String_FR_GetHoldingDuDela_City_1;_;;;;;;;;;;X
String_FR_GetHoldingDuDela_City_2;_;;;;;;;;;;X
String_FR_GetHoldingDuDela_City_3;_;;;;;;;;;;X
String_FR_GetHoldingDuDela_Fallback_1;_;;;;;;;;;;X
String_FR_GetHoldingDuDela_Nomad_1;_;;;;;;;;;;X
String_FR_GetHoldingDuDela_Nomad_2;_;;;;;;;;;;X
String_FR_GetHoldingDuDela_Nomad_3;_;;;;;;;;;;X
String_FR_GetHoldingDuDela_settlement;_;;;;;;;;;;X
String_FR_GetHoldingDuDela_Temple_1;_;;;;;;;;;;X
String_FR_GetHoldingDuDela_Tribal_1;_;;;;;;;;;;X
String_FR_GetHoldingDuDela_Tribal_2;_;;;;;;;;;;X
String_FR_GetHoldingDuDela_Tribal_3;_;;;;;;;;;;X
String_FR_GetHouseOfWorshipDuDela_Christian;_;;;;;;;;;;X
String_FR_GetHouseOfWorshipDuDela_Muslim;_;;;;;;;;;;X
String_FR_GetHouseOfWorshipDuDela_Pagan;_;;;;;;;;;;X
String_FR_GetHouseOfWorshipDuDela_Zoroastrian;_;;;;;;;;;;X
String_FR_GetHouseOfWorshipDuDela_Jewish;_;;;;;;;;;;X
String_FR_GetHouseOfWorshipDuDela_Hindu;_;;;;;;;;;;X
String_FR_GetHouseOfWorshipDuDela_Buddhist;_;;;;;;;;;;X
String_FR_GetHouseOfWorshipDuDela_Jain;_;;;;;;;;;;X
String_FR_GetHouseOfWorshipDuDela_Taoist;_;;;;;;;;;;X
String_FR_GetHouseOfWorshipUnUne_Christian;_;;;;;;;;;;X
String_FR_GetHouseOfWorshipUnUne_Muslim;_;;;;;;;;;;X
String_FR_GetHouseOfWorshipUnUne_Pagan;_;;;;;;;;;;X
String_FR_GetHouseOfWorshipUnUne_Zoroastrian;_;;;;;;;;;;X
String_FR_GetHouseOfWorshipUnUne_Jewish;_;;;;;;;;;;X
String_FR_GetHouseOfWorshipUnUne_Hindu;_;;;;;;;;;;X
String_FR_GetHouseOfWorshipUnUne_Buddhist;_;;;;;;;;;;X
String_FR_GetHouseOfWorshipUnUne_Jain;_;;;;;;;;;;X
String_FR_GetHouseOfWorshipUnUne_Taoist;_;;;;;;;;;;X
String_FR_GetMatterOfImportanceOnA_daughter;_;;;;;;;;;;X
String_FR_GetMatterOfImportanceOnA_son;_;;;;;;;;;;X
String_FR_GetMatterOfImportanceOnA_GetHusbandWifeOpp;_;;;;;;;;;;X
String_FR_GetMatterOfImportanceOnA_investments;_;;;;;;;;;;X
String_FR_GetMatterOfImportanceOnA_garden;_;;;;;;;;;;X
String_FR_GetMatterOfImportanceOnA_building_plans;_;;;;;;;;;;X
String_FR_GetMatterOfImportanceOnA_sword_practice;_;;;;;;;;;;X
String_FR_GetMatterOfImportanceOnA_tome_collection;_;;;;;;;;;;X
String_FR_GetMatterOfImportanceOnA_friends;_;;;;;;;;;;X
String_FR_GetMatterOfImportanceOnA_love;_;;;;;;;;;;X
String_FR_GetMatterOfImportanceOnA_dog;_;;;;;;;;;;X
String_FR_GetMatterOfImportanceOnA_cat;_;;;;;;;;;;X
String_FR_GetMatterOfImportanceOnA_health;_;;;;;;;;;;X
String_FR_town_AuAla;_;;;;;;;;;;X
String_FR_camp_AuAla;_;;;;;;;;;;X
String_FR_GetComplimentAdjectiveMascFem_COMPL_CLEVER_Fem;_;;;;;;;;;;X
String_FR_GetComplimentAdjectiveMascFem_COMPL_CLEVER_Masc;_;;;;;;;;;;X
String_FR_GetComplimentAdjectiveMascFem_COMPL_ELOQUENT_Fem;_;;;;;;;;;;X
String_FR_GetComplimentAdjectiveMascFem_COMPL_ELOQUENT_Masc;_;;;;;;;;;;X
String_FR_GetComplimentAdjectiveMascFem_COMPL_LEARNED_Fem;_;;;;;;;;;;X
String_FR_GetComplimentAdjectiveMascFem_COMPL_LEARNED_Masc;_;;;;;;;;;;X
String_FR_GetComplimentAdjectiveMascFem_COMPL_THRIFTY_Fem;_;;;;;;;;;;X
String_FR_GetComplimentAdjectiveMascFem_COMPL_THRIFTY_Masc;_;;;;;;;;;;X
String_FR_GetJobTitle2_job_chancellor;_;;;;;;;;;;X
String_FR_GetJobTitle2_job_chancellor_arabic;_;;;;;;;;;;X
String_FR_GetJobTitle2_job_chancellor_aztec;_;;;;;;;;;;X
String_FR_GetJobTitle2_job_chancellor_greek;_;;;;;;;;;;X
String_FR_GetJobTitle2_job_chancellor_iranian;_;;;;;;;;;;X
String_FR_GetJobTitle2_job_chancellor_turkish;_;;;;;;;;;;X
String_FR_GetJobTitle2_job_chancellor_west_african;_;;;;;;;;;;X
String_FR_GetJobTitle2_job_chancellor_zoroastrian_group;_;;;;;;;;;;X
String_FR_GetJobTitle2_job_marshal;_;;;;;;;;;;X
String_FR_GetJobTitle2_job_marshal_aztec;_;;;;;;;;;;X
String_FR_GetJobTitle2_job_marshal_greek;_;;;;;;;;;;X
String_FR_GetJobTitle2_job_marshal_zoroastrian_group;_;;;;;;;;;;X
String_FR_GetJobTitle2_job_spiritual;_;;;;;;;;;;X
String_FR_GetJobTitle2_job_spiritual_aztec;_;;;;;;;;;;X
String_FR_GetJobTitle2_job_spiritual_baltic_pagan;_;;;;;;;;;;X
String_FR_GetJobTitle2_job_spiritual_baltic_pagan_reformed;_;;;;;;;;;;X
String_FR_GetJobTitle2_job_spiritual_christian;_;;;;;;;;;;X
String_FR_GetJobTitle2_job_spiritual_finnish_pagan;_;;;;;;;;;;X
String_FR_GetJobTitle2_job_spiritual_finnish_pagan_reformed;_;;;;;;;;;;X
String_FR_GetJobTitle2_job_spiritual_hellenic_pagan;_;;;;;;;;;;X
String_FR_GetJobTitle2_job_spiritual_indian_group;_;;;;;;;;;;X
String_FR_GetJobTitle2_job_spiritual_jewish_group;_;;;;;;;;;;X
String_FR_GetJobTitle2_job_spiritual_muslim;_;;;;;;;;;;X
String_FR_GetJobTitle2_job_spiritual_norse_pagan_female;_;;;;;;;;;;X
String_FR_GetJobTitle2_job_spiritual_norse_pagan_male;_;;;;;;;;;;X
String_FR_GetJobTitle2_job_spiritual_norse_pagan_reformed_female;_;;;;;;;;;;X
String_FR_GetJobTitle2_job_spiritual_norse_pagan_reformed_male;_;;;;;;;;;;X
String_FR_GetJobTitle2_job_spiritual_orthodox;_;;;;;;;;;;X
String_FR_GetJobTitle2_job_spiritual_pagan;_;;;;;;;;;;X
String_FR_GetJobTitle2_job_spiritual_pagan_group;_;;;;;;;;;;X
String_FR_GetJobTitle2_job_spiritual_shiite;_;;;;;;;;;;X
String_FR_GetJobTitle2_job_spiritual_slavic_pagan;_;;;;;;;;;;X
String_FR_GetJobTitle2_job_spiritual_slavic_pagan_reformed;_;;;;;;;;;;X
String_FR_GetJobTitle2_job_spiritual_tengri_pagan;_;;;;;;;;;;X
String_FR_GetJobTitle2_job_spiritual_tengri_pagan_reformed;_;;;;;;;;;;X
String_FR_GetJobTitle2_job_spiritual_zoroastrian;_;;;;;;;;;;X
String_FR_GetJobTitle2_job_spiritual_zoroastrian_group;_;;;;;;;;;;X
String_FR_GetJobTitle2_job_spiritual_zun_pagan;_;;;;;;;;;;X
String_FR_GetJobTitle2_job_spiritual_zun_pagan_reformed;_;;;;;;;;;;X
String_FR_GetJobTitle2_job_spymaster;_;;;;;;;;;;X
String_FR_GetJobTitle2_job_spymaster_aztec;_;;;;;;;;;;X
String_FR_GetJobTitle2_job_spymaster_greek;_;;;;;;;;;;X
String_FR_GetJobTitle2_job_treasurer;_;;;;;;;;;;X
String_FR_GetJobTitle2_job_treasurer_aztec;_;;;;;;;;;;X
String_FR_GetJobTitle2_job_treasurer_greek;_;;;;;;;;;;X
String_FR_GetJobTitle2_job_treasurer_zoroastrian_group;_;;;;;;;;;;X
String_FR_Culture_afghan_Fem;_;;;;;;;;;;X
String_FR_Culture_afghan_Masc;_;;;;;;;;;;X
String_FR_Culture_afghan_PlFem;_;;;;;;;;;;X
String_FR_Culture_afghan_PlMasc;_;;;;;;;;;;X
String_FR_Culture_alan_Fem;_;;;;;;;;;;X
String_FR_Culture_alan_Masc;_;;;;;;;;;;X
String_FR_Culture_alan_PlFem;_;;;;;;;;;;X
String_FR_Culture_alan_PlMasc;_;;;;;;;;;;X
String_FR_Culture_andalusian_arabic_Fem;_;;;;;;;;;;X
String_FR_Culture_andalusian_arabic_Masc;_;;;;;;;;;;X
String_FR_Culture_andalusian_arabic_PlFem;_;;;;;;;;;;X
String_FR_Culture_andalusian_arabic_PlMasc;_;;;;;;;;;;X
String_FR_Culture_armenian_Fem;_;;;;;;;;;;X
String_FR_Culture_armenian_Masc;_;;;;;;;;;;X
String_FR_Culture_armenian_PlFem;_;;;;;;;;;;X
String_FR_Culture_armenian_PlMasc;_;;;;;;;;;;X
String_FR_Culture_ashkenazi_Fem;_;;;;;;;;;;X
String_FR_Culture_ashkenazi_Masc;_;;;;;;;;;;X
String_FR_Culture_ashkenazi_PlFem;_;;;;;;;;;;X
String_FR_Culture_ashkenazi_PlMasc;_;;;;;;;;;;X
String_FR_Culture_assamese_Fem;_;;;;;;;;;;X
String_FR_Culture_assamese_Masc;_;;;;;;;;;;X
String_FR_Culture_assamese_PlFem;_;;;;;;;;;;X
String_FR_Culture_assamese_PlMasc;_;;;;;;;;;;X
String_FR_Culture_assyrian_Fem;_;;;;;;;;;;X
String_FR_Culture_assyrian_Masc;_;;;;;;;;;;X
String_FR_Culture_assyrian_PlFem;_;;;;;;;;;;X
String_FR_Culture_assyrian_PlMasc;_;;;;;;;;;;X
String_FR_Culture_avar_Fem;_;;;;;;;;;;X
String_FR_Culture_avar_Masc;_;;;;;;;;;;X
String_FR_Culture_avar_PlFem;_;;;;;;;;;;X
String_FR_Culture_avar_PlMasc;_;;;;;;;;;;X
String_FR_Culture_baloch_Fem;_;;;;;;;;;;X
String_FR_Culture_baloch_Masc;_;;;;;;;;;;X
String_FR_Culture_baloch_PlFem;_;;;;;;;;;;X
String_FR_Culture_baloch_PlMasc;_;;;;;;;;;;X
String_FR_Culture_basque_Fem;_;;;;;;;;;;X
String_FR_Culture_basque_Masc;_;;;;;;;;;;X
String_FR_Culture_basque_PlFem;_;;;;;;;;;;X
String_FR_Culture_basque_PlMasc;_;;;;;;;;;;X
String_FR_Culture_bedouin_arabic_Fem;_;;;;;;;;;;X
String_FR_Culture_bedouin_arabic_Masc;_;;;;;;;;;;X
String_FR_Culture_bedouin_arabic_PlFem;_;;;;;;;;;;X
String_FR_Culture_bedouin_arabic_PlMasc;_;;;;;;;;;;X
String_FR_Culture_bengali_Fem;_;;;;;;;;;;X
String_FR_Culture_bengali_Masc;_;;;;;;;;;;X
String_FR_Culture_bengali_PlFem;_;;;;;;;;;;X
String_FR_Culture_bengali_PlMasc;_;;;;;;;;;;X
String_FR_Culture_bodpa_Fem;_;;;;;;;;;;X
String_FR_Culture_bodpa_Masc;_;;;;;;;;;;X
String_FR_Culture_bodpa_PlFem;_;;;;;;;;;;X
String_FR_Culture_bodpa_PlMasc;_;;;;;;;;;;X
String_FR_Culture_bohemian_Fem;_;;;;;;;;;;X
String_FR_Culture_bohemian_Masc;_;;;;;;;;;;X
String_FR_Culture_bohemian_PlFem;_;;;;;;;;;;X
String_FR_Culture_bohemian_PlMasc;_;;;;;;;;;;X
String_FR_Culture_bolghar_Fem;_;;;;;;;;;;X
String_FR_Culture_bolghar_Masc;_;;;;;;;;;;X
String_FR_Culture_bolghar_PlFem;_;;;;;;;;;;X
String_FR_Culture_bolghar_PlMasc;_;;;;;;;;;;X
String_FR_Culture_breton_Fem;_;;;;;;;;;;X
String_FR_Culture_breton_Masc;_;;;;;;;;;;X
String_FR_Culture_breton_PlFem;_;;;;;;;;;;X
String_FR_Culture_breton_PlMasc;_;;;;;;;;;;X
String_FR_Culture_bulgarian_Fem;_;;;;;;;;;;X
String_FR_Culture_bulgarian_Masc;_;;;;;;;;;;X
String_FR_Culture_bulgarian_PlFem;_;;;;;;;;;;X
String_FR_Culture_bulgarian_PlMasc;_;;;;;;;;;;X
String_FR_Culture_castillan_Fem;_;;;;;;;;;;X
String_FR_Culture_castillan_Masc;_;;;;;;;;;;X
String_FR_Culture_castillan_PlFem;_;;;;;;;;;;X
String_FR_Culture_castillan_PlMasc;_;;;;;;;;;;X
String_FR_Culture_catalan_Fem;_;;;;;;;;;;X
String_FR_Culture_catalan_Masc;_;;;;;;;;;;X
String_FR_Culture_catalan_PlFem;_;;;;;;;;;;X
String_FR_Culture_catalan_PlMasc;_;;;;;;;;;;X
String_FR_Culture_croatian_Fem;_;;;;;;;;;;X
String_FR_Culture_croatian_Masc;_;;;;;;;;;;X
String_FR_Culture_croatian_PlFem;_;;;;;;;;;;X
String_FR_Culture_croatian_PlMasc;_;;;;;;;;;;X
String_FR_Culture_cuman_Fem;_;;;;;;;;;;X
String_FR_Culture_cuman_Masc;_;;;;;;;;;;X
String_FR_Culture_cuman_PlFem;_;;;;;;;;;;X
String_FR_Culture_cuman_PlMasc;_;;;;;;;;;;X
String_FR_Culture_danish_Fem;_;;;;;;;;;;X
String_FR_Culture_danish_Masc;_;;;;;;;;;;X
String_FR_Culture_danish_PlFem;_;;;;;;;;;;X
String_FR_Culture_danish_PlMasc;_;;;;;;;;;;X
String_FR_Culture_dutch_Fem;_;;;;;;;;;;X
String_FR_Culture_dutch_Masc;_;;;;;;;;;;X
String_FR_Culture_dutch_PlFem;_;;;;;;;;;;X
String_FR_Culture_dutch_PlMasc;_;;;;;;;;;;X
String_FR_Culture_egyptian_arabic_Fem;_;;;;;;;;;;X
String_FR_Culture_egyptian_arabic_Masc;_;;;;;;;;;;X
String_FR_Culture_egyptian_arabic_PlFem;_;;;;;;;;;;X
String_FR_Culture_egyptian_arabic_PlMasc;_;;;;;;;;;;X
String_FR_Culture_english_Fem;_;;;;;;;;;;X
String_FR_Culture_english_Masc;_;;;;;;;;;;X
String_FR_Culture_english_PlFem;_;;;;;;;;;;X
String_FR_Culture_english_PlMasc;_;;;;;;;;;;X
String_FR_Culture_ethiopian_Fem;_;;;;;;;;;;X
String_FR_Culture_ethiopian_Masc;_;;;;;;;;;;X
String_FR_Culture_ethiopian_PlFem;_;;;;;;;;;;X
String_FR_Culture_ethiopian_PlMasc;_;;;;;;;;;;X
String_FR_Culture_finnish_Fem;_;;;;;;;;;;X
String_FR_Culture_finnish_Masc;_;;;;;;;;;;X
String_FR_Culture_finnish_PlFem;_;;;;;;;;;;X
String_FR_Culture_finnish_PlMasc;_;;;;;;;;;;X
String_FR_Culture_frankish_Fem;_;;;;;;;;;;X
String_FR_Culture_frankish_Masc;_;;;;;;;;;;X
String_FR_Culture_frankish_PlFem;_;;;;;;;;;;X
String_FR_Culture_frankish_PlMasc;_;;;;;;;;;;X
String_FR_Culture_frisian_Fem;_;;;;;;;;;;X
String_FR_Culture_frisian_Masc;_;;;;;;;;;;X
String_FR_Culture_frisian_PlFem;_;;;;;;;;;;X
String_FR_Culture_frisian_PlMasc;_;;;;;;;;;;X
String_FR_Culture_georgian_Fem;_;;;;;;;;;;X
String_FR_Culture_georgian_Masc;_;;;;;;;;;;X
String_FR_Culture_georgian_PlFem;_;;;;;;;;;;X
String_FR_Culture_georgian_PlMasc;_;;;;;;;;;;X
String_FR_Culture_german_Fem;_;;;;;;;;;;X
String_FR_Culture_german_Masc;_;;;;;;;;;;X
String_FR_Culture_german_PlFem;_;;;;;;;;;;X
String_FR_Culture_german_PlMasc;_;;;;;;;;;;X
String_FR_Culture_greek_Fem;_;;;;;;;;;;X
String_FR_Culture_greek_Masc;_;;;;;;;;;;X
String_FR_Culture_greek_PlFem;_;;;;;;;;;;X
String_FR_Culture_greek_PlMasc;_;;;;;;;;;;X
String_FR_Culture_gujurati_Fem;_;;;;;;;;;;X
String_FR_Culture_gujurati_Masc;_;;;;;;;;;;X
String_FR_Culture_gujurati_PlFem;_;;;;;;;;;;X
String_FR_Culture_gujurati_PlMasc;_;;;;;;;;;;X
String_FR_Culture_han_Fem;_;;;;;;;;;;X
String_FR_Culture_han_Masc;_;;;;;;;;;;X
String_FR_Culture_han_PlFem;_;;;;;;;;;;X
String_FR_Culture_han_PlMasc;_;;;;;;;;;;X
String_FR_Culture_hindustani_Fem;_;;;;;;;;;;X
String_FR_Culture_hindustani_Masc;_;;;;;;;;;;X
String_FR_Culture_hindustani_PlFem;_;;;;;;;;;;X
String_FR_Culture_hindustani_PlMasc;_;;;;;;;;;;X
String_FR_Culture_horse_Fem;_;;;;;;;;;;X
String_FR_Culture_horse_Masc;_;;;;;;;;;;X
String_FR_Culture_horse_PlFem;_;;;;;;;;;;X
String_FR_Culture_horse_PlMasc;_;;;;;;;;;;X
String_FR_Culture_hungarian_Fem;_;;;;;;;;;;X
String_FR_Culture_hungarian_Masc;_;;;;;;;;;;X
String_FR_Culture_hungarian_PlFem;_;;;;;;;;;;X
String_FR_Culture_hungarian_PlMasc;_;;;;;;;;;;X
String_FR_Culture_ilmenian_Fem;_;;;;;;;;;;X
String_FR_Culture_ilmenian_Masc;_;;;;;;;;;;X
String_FR_Culture_ilmenian_PlFem;_;;;;;;;;;;X
String_FR_Culture_ilmenian_PlMasc;_;;;;;;;;;;X
String_FR_Culture_irish_Fem;_;;;;;;;;;;X
String_FR_Culture_irish_Masc;_;;;;;;;;;;X
String_FR_Culture_irish_PlFem;_;;;;;;;;;;X
String_FR_Culture_irish_PlMasc;_;;;;;;;;;;X
String_FR_Culture_italian_Fem;_;;;;;;;;;;X
String_FR_Culture_italian_Masc;_;;;;;;;;;;X
String_FR_Culture_italian_PlFem;_;;;;;;;;;;X
String_FR_Culture_italian_PlMasc;_;;;;;;;;;;X
String_FR_Culture_jurchen_Fem;_;;;;;;;;;;X
String_FR_Culture_jurchen_Masc;_;;;;;;;;;;X
String_FR_Culture_jurchen_PlFem;_;;;;;;;;;;X
String_FR_Culture_jurchen_PlMasc;_;;;;;;;;;;X
String_FR_Culture_kannada_Fem;_;;;;;;;;;;X
String_FR_Culture_kannada_Masc;_;;;;;;;;;;X
String_FR_Culture_kannada_PlFem;_;;;;;;;;;;X
String_FR_Culture_kannada_PlMasc;_;;;;;;;;;;X
String_FR_Culture_karluk_Fem;_;;;;;;;;;;X
String_FR_Culture_karluk_Masc;_;;;;;;;;;;X
String_FR_Culture_karluk_PlFem;_;;;;;;;;;;X
String_FR_Culture_karluk_PlMasc;_;;;;;;;;;;X
String_FR_Culture_khanty_Fem;_;;;;;;;;;;X
String_FR_Culture_khanty_Masc;_;;;;;;;;;;X
String_FR_Culture_khanty_PlFem;_;;;;;;;;;;X
String_FR_Culture_khanty_PlMasc;_;;;;;;;;;;X
String_FR_Culture_khazar_Fem;_;;;;;;;;;;X
String_FR_Culture_khazar_Masc;_;;;;;;;;;;X
String_FR_Culture_khazar_PlFem;_;;;;;;;;;;X
String_FR_Culture_khazar_PlMasc;_;;;;;;;;;;X
String_FR_Culture_khitan_Fem;_;;;;;;;;;;X
String_FR_Culture_khitan_Masc;_;;;;;;;;;;X
String_FR_Culture_khitan_PlFem;_;;;;;;;;;;X
String_FR_Culture_khitan_PlMasc;_;;;;;;;;;;X
String_FR_Culture_kirghiz_Fem;_;;;;;;;;;;X
String_FR_Culture_kirghiz_Masc;_;;;;;;;;;;X
String_FR_Culture_kirghiz_PlFem;_;;;;;;;;;;X
String_FR_Culture_kirghiz_PlMasc;_;;;;;;;;;;X
String_FR_Culture_komi_Fem;_;;;;;;;;;;X
String_FR_Culture_komi_Masc;_;;;;;;;;;;X
String_FR_Culture_komi_PlFem;_;;;;;;;;;;X
String_FR_Culture_komi_PlMasc;_;;;;;;;;;;X
String_FR_Culture_kurdish_Fem;_;;;;;;;;;;X
String_FR_Culture_kurdish_Masc;_;;;;;;;;;;X
String_FR_Culture_kurdish_PlFem;_;;;;;;;;;;X
String_FR_Culture_kurdish_PlMasc;_;;;;;;;;;;X
String_FR_Culture_lappish_Fem;_;;;;;;;;;;X
String_FR_Culture_lappish_Masc;_;;;;;;;;;;X
String_FR_Culture_lappish_PlFem;_;;;;;;;;;;X
String_FR_Culture_lappish_PlMasc;_;;;;;;;;;;X
String_FR_Culture_lettigallish_Fem;_;;;;;;;;;;X
String_FR_Culture_lettigallish_Masc;_;;;;;;;;;;X
String_FR_Culture_lettigallish_PlFem;_;;;;;;;;;;X
String_FR_Culture_lettigallish_PlMasc;_;;;;;;;;;;X
String_FR_Culture_levantine_arabic_Fem;_;;;;;;;;;;X
String_FR_Culture_levantine_arabic_Masc;_;;;;;;;;;;X
String_FR_Culture_levantine_arabic_PlFem;_;;;;;;;;;;X
String_FR_Culture_levantine_arabic_PlMasc;_;;;;;;;;;;X
String_FR_Culture_lithuanian_Fem;_;;;;;;;;;;X
String_FR_Culture_lithuanian_Masc;_;;;;;;;;;;X
String_FR_Culture_lithuanian_PlFem;_;;;;;;;;;;X
String_FR_Culture_lithuanian_PlMasc;_;;;;;;;;;;X
String_FR_Culture_lombard_Fem;_;;;;;;;;;;X
String_FR_Culture_lombard_Masc;_;;;;;;;;;;X
String_FR_Culture_lombard_PlFem;_;;;;;;;;;;X
String_FR_Culture_lombard_PlMasc;_;;;;;;;;;;X
String_FR_Culture_maghreb_arabic_Fem;_;;;;;;;;;;X
String_FR_Culture_maghreb_arabic_Masc;_;;;;;;;;;;X
String_FR_Culture_maghreb_arabic_PlFem;_;;;;;;;;;;X
String_FR_Culture_maghreb_arabic_PlMasc;_;;;;;;;;;;X
String_FR_Culture_manden_Fem;_;;;;;;;;;;X
String_FR_Culture_manden_Masc;_;;;;;;;;;;X
String_FR_Culture_manden_PlFem;_;;;;;;;;;;X
String_FR_Culture_manden_PlMasc;_;;;;;;;;;;X
String_FR_Culture_marathi_Fem;_;;;;;;;;;;X
String_FR_Culture_marathi_Masc;_;;;;;;;;;;X
String_FR_Culture_marathi_PlFem;_;;;;;;;;;;X
String_FR_Culture_marathi_PlMasc;_;;;;;;;;;;X
String_FR_Culture_mongol_Fem;_;;;;;;;;;;X
String_FR_Culture_mongol_Masc;_;;;;;;;;;;X
String_FR_Culture_mongol_PlFem;_;;;;;;;;;;X
String_FR_Culture_mongol_PlMasc;_;;;;;;;;;;X
String_FR_Culture_mordvin_Fem;_;;;;;;;;;;X
String_FR_Culture_mordvin_Masc;_;;;;;;;;;;X
String_FR_Culture_mordvin_PlFem;_;;;;;;;;;;X
String_FR_Culture_mordvin_PlMasc;_;;;;;;;;;;X
String_FR_Culture_nahuatl_Fem;_;;;;;;;;;;X
String_FR_Culture_nahuatl_Masc;_;;;;;;;;;;X
String_FR_Culture_nahuatl_PlFem;_;;;;;;;;;;X
String_FR_Culture_nahuatl_PlMasc;_;;;;;;;;;;X
String_FR_Culture_nepali_Fem;_;;;;;;;;;;X
String_FR_Culture_nepali_Masc;_;;;;;;;;;;X
String_FR_Culture_nepali_PlFem;_;;;;;;;;;;X
String_FR_Culture_nepali_PlMasc;_;;;;;;;;;;X
String_FR_Culture_norman_Fem;_;;;;;;;;;;X
String_FR_Culture_norman_Masc;_;;;;;;;;;;X
String_FR_Culture_norman_PlFem;_;;;;;;;;;;X
String_FR_Culture_norman_PlMasc;_;;;;;;;;;;X
String_FR_Culture_norse_Fem;_;;;;;;;;;;X
String_FR_Culture_norse_Masc;_;;;;;;;;;;X
String_FR_Culture_norse_PlFem;_;;;;;;;;;;X
String_FR_Culture_norse_PlMasc;_;;;;;;;;;;X
String_FR_Culture_norwegian_Fem;_;;;;;;;;;;X
String_FR_Culture_norwegian_Masc;_;;;;;;;;;;X
String_FR_Culture_norwegian_PlFem;_;;;;;;;;;;X
String_FR_Culture_norwegian_PlMasc;_;;;;;;;;;;X
String_FR_Culture_nubian_Fem;_;;;;;;;;;;X
String_FR_Culture_nubian_Masc;_;;;;;;;;;;X
String_FR_Culture_nubian_PlFem;_;;;;;;;;;;X
String_FR_Culture_nubian_PlMasc;_;;;;;;;;;;X
String_FR_Culture_occitan_Fem;_;;;;;;;;;;X
String_FR_Culture_occitan_Masc;_;;;;;;;;;;X
String_FR_Culture_occitan_PlFem;_;;;;;;;;;;X
String_FR_Culture_occitan_PlMasc;_;;;;;;;;;;X
String_FR_Culture_old_frankish_Fem;_;;;;;;;;;;X
String_FR_Culture_old_frankish_Masc;_;;;;;;;;;;X
String_FR_Culture_old_frankish_PlFem;_;;;;;;;;;;X
String_FR_Culture_old_frankish_PlMasc;_;;;;;;;;;;X
String_FR_Culture_old_saxon_Fem;_;;;;;;;;;;X
String_FR_Culture_old_saxon_Masc;_;;;;;;;;;;X
String_FR_Culture_old_saxon_PlFem;_;;;;;;;;;;X
String_FR_Culture_old_saxon_PlMasc;_;;;;;;;;;;X
String_FR_Culture_oriya_Fem;_;;;;;;;;;;X
String_FR_Culture_oriya_Masc;_;;;;;;;;;;X
String_FR_Culture_oriya_PlFem;_;;;;;;;;;;X
String_FR_Culture_oriya_PlMasc;_;;;;;;;;;;X
String_FR_Culture_panjabi_Fem;_;;;;;;;;;;X
String_FR_Culture_panjabi_Masc;_;;;;;;;;;;X
String_FR_Culture_panjabi_PlFem;_;;;;;;;;;;X
String_FR_Culture_panjabi_PlMasc;_;;;;;;;;;;X
String_FR_Culture_pecheneg_Fem;_;;;;;;;;;;X
String_FR_Culture_pecheneg_Masc;_;;;;;;;;;;X
String_FR_Culture_pecheneg_PlFem;_;;;;;;;;;;X
String_FR_Culture_pecheneg_PlMasc;_;;;;;;;;;;X
String_FR_Culture_persian_Fem;_;;;;;;;;;;X
String_FR_Culture_persian_Masc;_;;;;;;;;;;X
String_FR_Culture_persian_PlFem;_;;;;;;;;;;X
String_FR_Culture_persian_PlMasc;_;;;;;;;;;;X
String_FR_Culture_pictish_Fem;_;;;;;;;;;;X
String_FR_Culture_pictish_Masc;_;;;;;;;;;;X
String_FR_Culture_pictish_PlFem;_;;;;;;;;;;X
String_FR_Culture_pictish_PlMasc;_;;;;;;;;;;X
String_FR_Culture_polish_Fem;_;;;;;;;;;;X
String_FR_Culture_polish_Masc;_;;;;;;;;;;X
String_FR_Culture_polish_PlFem;_;;;;;;;;;;X
String_FR_Culture_polish_PlMasc;_;;;;;;;;;;X
String_FR_Culture_pommeranian_Fem;_;;;;;;;;;;X
String_FR_Culture_pommeranian_Masc;_;;;;;;;;;;X
String_FR_Culture_pommeranian_PlFem;_;;;;;;;;;;X
String_FR_Culture_pommeranian_PlMasc;_;;;;;;;;;;X
String_FR_Culture_portuguese_Fem;_;;;;;;;;;;X
String_FR_Culture_portuguese_Masc;_;;;;;;;;;;X
String_FR_Culture_portuguese_PlFem;_;;;;;;;;;;X
String_FR_Culture_portuguese_PlMasc;_;;;;;;;;;;X
String_FR_Culture_prussian_Fem;_;;;;;;;;;;X
String_FR_Culture_prussian_Masc;_;;;;;;;;;;X
String_FR_Culture_prussian_PlFem;_;;;;;;;;;;X
String_FR_Culture_prussian_PlMasc;_;;;;;;;;;;X
String_FR_Culture_rajput_Fem;_;;;;;;;;;;X
String_FR_Culture_rajput_Masc;_;;;;;;;;;;X
String_FR_Culture_rajput_PlFem;_;;;;;;;;;;X
String_FR_Culture_rajput_PlMasc;_;;;;;;;;;;X
String_FR_Culture_roman_Fem;_;;;;;;;;;;X
String_FR_Culture_roman_Masc;_;;;;;;;;;;X
String_FR_Culture_roman_PlFem;_;;;;;;;;;;X
String_FR_Culture_roman_PlMasc;_;;;;;;;;;;X
String_FR_Culture_romanian_Fem;_;;;;;;;;;;X
String_FR_Culture_romanian_Masc;_;;;;;;;;;;X
String_FR_Culture_romanian_PlFem;_;;;;;;;;;;X
String_FR_Culture_romanian_PlMasc;_;;;;;;;;;;X
String_FR_Culture_russian_Fem;_;;;;;;;;;;X
String_FR_Culture_russian_Masc;_;;;;;;;;;;X
String_FR_Culture_russian_PlFem;_;;;;;;;;;;X
String_FR_Culture_russian_PlMasc;_;;;;;;;;;;X
String_FR_Culture_saka_Fem;_;;;;;;;;;;X
String_FR_Culture_saka_Masc;_;;;;;;;;;;X
String_FR_Culture_saka_PlFem;_;;;;;;;;;;X
String_FR_Culture_saka_PlMasc;_;;;;;;;;;;X
String_FR_Culture_samoyed_Fem;_;;;;;;;;;;X
String_FR_Culture_samoyed_Masc;_;;;;;;;;;;X
String_FR_Culture_samoyed_PlFem;_;;;;;;;;;;X
String_FR_Culture_samoyed_PlMasc;_;;;;;;;;;;X
String_FR_Culture_saxon_Fem;_;;;;;;;;;;X
String_FR_Culture_saxon_Masc;_;;;;;;;;;;X
String_FR_Culture_saxon_PlFem;_;;;;;;;;;;X
String_FR_Culture_saxon_PlMasc;_;;;;;;;;;;X
String_FR_Culture_scottish_Fem;_;;;;;;;;;;X
String_FR_Culture_scottish_Masc;_;;;;;;;;;;X
String_FR_Culture_scottish_PlFem;_;;;;;;;;;;X
String_FR_Culture_scottish_PlMasc;_;;;;;;;;;;X
String_FR_Culture_sephardi_Fem;_;;;;;;;;;;X
String_FR_Culture_sephardi_Masc;_;;;;;;;;;;X
String_FR_Culture_sephardi_PlFem;_;;;;;;;;;;X
String_FR_Culture_sephardi_PlMasc;_;;;;;;;;;;X
String_FR_Culture_serbian_Fem;_;;;;;;;;;;X
String_FR_Culture_serbian_Masc;_;;;;;;;;;;X
String_FR_Culture_serbian_PlFem;_;;;;;;;;;;X
String_FR_Culture_serbian_PlMasc;_;;;;;;;;;;X
String_FR_Culture_severian_Fem;_;;;;;;;;;;X
String_FR_Culture_severian_Masc;_;;;;;;;;;;X
String_FR_Culture_severian_PlFem;_;;;;;;;;;;X
String_FR_Culture_severian_PlMasc;_;;;;;;;;;;X
String_FR_Culture_sindhi_Fem;_;;;;;;;;;;X
String_FR_Culture_sindhi_Masc;_;;;;;;;;;;X
String_FR_Culture_sindhi_PlFem;_;;;;;;;;;;X
String_FR_Culture_sindhi_PlMasc;_;;;;;;;;;;X
String_FR_Culture_sinhala_Fem;_;;;;;;;;;;X
String_FR_Culture_sinhala_Masc;_;;;;;;;;;;X
String_FR_Culture_sinhala_PlFem;_;;;;;;;;;;X
String_FR_Culture_sinhala_PlMasc;_;;;;;;;;;;X
String_FR_Culture_sogdian_Fem;_;;;;;;;;;;X
String_FR_Culture_sogdian_Masc;_;;;;;;;;;;X
String_FR_Culture_sogdian_PlFem;_;;;;;;;;;;X
String_FR_Culture_sogdian_PlMasc;_;;;;;;;;;;X
String_FR_Culture_somali_Fem;_;;;;;;;;;;X
String_FR_Culture_somali_Masc;_;;;;;;;;;;X
String_FR_Culture_somali_PlFem;_;;;;;;;;;;X
String_FR_Culture_somali_PlMasc;_;;;;;;;;;;X
String_FR_Culture_suebi_Fem;_;;;;;;;;;;X
String_FR_Culture_suebi_Masc;_;;;;;;;;;;X
String_FR_Culture_suebi_PlFem;_;;;;;;;;;;X
String_FR_Culture_suebi_PlMasc;_;;;;;;;;;;X
String_FR_Culture_sumpa_Fem;_;;;;;;;;;;X
String_FR_Culture_sumpa_Masc;_;;;;;;;;;;X
String_FR_Culture_sumpa_PlFem;_;;;;;;;;;;X
String_FR_Culture_sumpa_PlMasc;_;;;;;;;;;;X
String_FR_Culture_swedish_Fem;_;;;;;;;;;;X
String_FR_Culture_swedish_Masc;_;;;;;;;;;;X
String_FR_Culture_swedish_PlFem;_;;;;;;;;;;X
String_FR_Culture_swedish_PlMasc;_;;;;;;;;;;X
String_FR_Culture_tamil_Fem;_;;;;;;;;;;X
String_FR_Culture_tamil_Masc;_;;;;;;;;;;X
String_FR_Culture_tamil_PlFem;_;;;;;;;;;;X
String_FR_Culture_tamil_PlMasc;_;;;;;;;;;;X
String_FR_Culture_tangut_Fem;_;;;;;;;;;;X
String_FR_Culture_tangut_Masc;_;;;;;;;;;;X
String_FR_Culture_tangut_PlFem;_;;;;;;;;;;X
String_FR_Culture_tangut_PlMasc;_;;;;;;;;;;X
String_FR_Culture_telugu_Fem;_;;;;;;;;;;X
String_FR_Culture_telugu_Masc;_;;;;;;;;;;X
String_FR_Culture_telugu_PlFem;_;;;;;;;;;;X
String_FR_Culture_telugu_PlMasc;_;;;;;;;;;;X
String_FR_Culture_tocharian_Fem;_;;;;;;;;;;X
String_FR_Culture_tocharian_Masc;_;;;;;;;;;;X
String_FR_Culture_tocharian_PlFem;_;;;;;;;;;;X
String_FR_Culture_tocharian_PlMasc;_;;;;;;;;;;X
String_FR_Culture_turkish_Fem;_;;;;;;;;;;X
String_FR_Culture_turkish_Masc;_;;;;;;;;;;X
String_FR_Culture_turkish_PlFem;_;;;;;;;;;;X
String_FR_Culture_turkish_PlMasc;_;;;;;;;;;;X
String_FR_Culture_ugricbaltic_Fem;_;;;;;;;;;;X
String_FR_Culture_ugricbaltic_Masc;_;;;;;;;;;;X
String_FR_Culture_ugricbaltic_PlFem;_;;;;;;;;;;X
String_FR_Culture_ugricbaltic_PlMasc;_;;;;;;;;;;X
String_FR_Culture_uyghur_Fem;_;;;;;;;;;;X
String_FR_Culture_uyghur_Masc;_;;;;;;;;;;X
String_FR_Culture_uyghur_PlFem;_;;;;;;;;;;X
String_FR_Culture_uyghur_PlMasc;_;;;;;;;;;;X
String_FR_Culture_visigothic_Fem;_;;;;;;;;;;X
String_FR_Culture_visigothic_Masc;_;;;;;;;;;;X
String_FR_Culture_visigothic_PlFem;_;;;;;;;;;;X
String_FR_Culture_visigothic_PlMasc;_;;;;;;;;;;X
String_FR_Culture_volhynian_Fem;_;;;;;;;;;;X
String_FR_Culture_volhynian_Masc;_;;;;;;;;;;X
String_FR_Culture_volhynian_PlFem;_;;;;;;;;;;X
String_FR_Culture_volhynian_PlMasc;_;;;;;;;;;;X
String_FR_Culture_welsh_Fem;_;;;;;;;;;;X
String_FR_Culture_welsh_Masc;_;;;;;;;;;;X
String_FR_Culture_welsh_PlFem;_;;;;;;;;;;X
String_FR_Culture_welsh_PlMasc;_;;;;;;;;;;X
String_FR_Culture_zhangzhung_Fem;_;;;;;;;;;;X
String_FR_Culture_zhangzhung_Masc;_;;;;;;;;;;X
String_FR_Culture_zhangzhung_PlFem;_;;;;;;;;;;X
String_FR_Culture_zhangzhung_PlMasc;_;;;;;;;;;;X
String_FR_Religion_aztec_Fem;_;;;;;;;;;;X
String_FR_Religion_aztec_Masc;_;;;;;;;;;;X
String_FR_Religion_aztec_PlFem;_;;;;;;;;;;X
String_FR_Religion_aztec_PlMasc;_;;;;;;;;;;X
String_FR_Religion_aztec_reformed_Fem;_;;;;;;;;;;X
String_FR_Religion_aztec_reformed_Masc;_;;;;;;;;;;X
String_FR_Religion_aztec_reformed_PlFem;_;;;;;;;;;;X
String_FR_Religion_aztec_reformed_PlMasc;_;;;;;;;;;;X
String_FR_Religion_baltic_pagan_Fem;_;;;;;;;;;;X
String_FR_Religion_baltic_pagan_Masc;_;;;;;;;;;;X
String_FR_Religion_baltic_pagan_PlFem;_;;;;;;;;;;X
String_FR_Religion_baltic_pagan_PlMasc;_;;;;;;;;;;X
String_FR_Religion_baltic_pagan_reformed_Fem;_;;;;;;;;;;X
String_FR_Religion_baltic_pagan_reformed_Masc;_;;;;;;;;;;X
String_FR_Religion_baltic_pagan_reformed_PlFem;_;;;;;;;;;;X
String_FR_Religion_baltic_pagan_reformed_PlMasc;_;;;;;;;;;;X
String_FR_Religion_bogomilist_Fem;_;;;;;;;;;;X
String_FR_Religion_bogomilist_Masc;_;;;;;;;;;;X
String_FR_Religion_bogomilist_PlFem;_;;;;;;;;;;X
String_FR_Religion_bogomilist_PlMasc;_;;;;;;;;;;X
String_FR_Religion_bon_Fem;_;;;;;;;;;;X
String_FR_Religion_bon_Masc;_;;;;;;;;;;X
String_FR_Religion_bon_PlFem;_;;;;;;;;;;X
String_FR_Religion_bon_PlMasc;_;;;;;;;;;;X
String_FR_Religion_buddhist_Fem;_;;;;;;;;;;X
String_FR_Religion_buddhist_Masc;_;;;;;;;;;;X
String_FR_Religion_buddhist_PlFem;_;;;;;;;;;;X
String_FR_Religion_buddhist_PlMasc;_;;;;;;;;;;X
String_FR_Religion_cathar_Fem;_;;;;;;;;;;X
String_FR_Religion_cathar_Masc;_;;;;;;;;;;X
String_FR_Religion_cathar_PlFem;_;;;;;;;;;;X
String_FR_Religion_cathar_PlMasc;_;;;;;;;;;;X
String_FR_Religion_catholic_Fem;_;;;;;;;;;;X
String_FR_Religion_catholic_Masc;_;;;;;;;;;;X
String_FR_Religion_catholic_PlFem;_;;;;;;;;;;X
String_FR_Religion_catholic_PlMasc;_;;;;;;;;;;X
String_FR_Religion_druze_Fem;_;;;;;;;;;;X
String_FR_Religion_druze_Masc;_;;;;;;;;;;X
String_FR_Religion_druze_PlFem;_;;;;;;;;;;X
String_FR_Religion_druze_PlMasc;_;;;;;;;;;;X
String_FR_Religion_finnish_pagan_Fem;_;;;;;;;;;;X
String_FR_Religion_finnish_pagan_Masc;_;;;;;;;;;;X
String_FR_Religion_finnish_pagan_PlFem;_;;;;;;;;;;X
String_FR_Religion_finnish_pagan_PlMasc;_;;;;;;;;;;X
String_FR_Religion_finnish_pagan_reformed_Fem;_;;;;;;;;;;X
String_FR_Religion_finnish_pagan_reformed_Masc;_;;;;;;;;;;X
String_FR_Religion_finnish_pagan_reformed_PlFem;_;;;;;;;;;;X
String_FR_Religion_finnish_pagan_reformed_PlMasc;_;;;;;;;;;;X
String_FR_Religion_fraticelli_Fem;_;;;;;;;;;;X
String_FR_Religion_fraticelli_Masc;_;;;;;;;;;;X
String_FR_Religion_fraticelli_PlFem;_;;;;;;;;;;X
String_FR_Religion_fraticelli_PlMasc;_;;;;;;;;;;X
String_FR_Religion_hellenic_pagan_Fem;_;;;;;;;;;;X
String_FR_Religion_hellenic_pagan_Masc;_;;;;;;;;;;X
String_FR_Religion_hellenic_pagan_PlFem;_;;;;;;;;;;X
String_FR_Religion_hellenic_pagan_PlMasc;_;;;;;;;;;;X
String_FR_Religion_hindu_Fem;_;;;;;;;;;;X
String_FR_Religion_hindu_Masc;_;;;;;;;;;;X
String_FR_Religion_hindu_PlFem;_;;;;;;;;;;X
String_FR_Religion_hindu_PlMasc;_;;;;;;;;;;X
String_FR_Religion_hurufi_Fem;_;;;;;;;;;;X
String_FR_Religion_hurufi_Masc;_;;;;;;;;;;X
String_FR_Religion_hurufi_PlFem;_;;;;;;;;;;X
String_FR_Religion_hurufi_PlMasc;_;;;;;;;;;;X
String_FR_Religion_ibadi_Fem;_;;;;;;;;;;X
String_FR_Religion_ibadi_Masc;_;;;;;;;;;;X
String_FR_Religion_ibadi_PlFem;_;;;;;;;;;;X
String_FR_Religion_ibadi_PlMasc;_;;;;;;;;;;X
String_FR_Religion_iconoclast_Fem;_;;;;;;;;;;X
String_FR_Religion_iconoclast_Masc;_;;;;;;;;;;X
String_FR_Religion_iconoclast_PlFem;_;;;;;;;;;;X
String_FR_Religion_iconoclast_PlMasc;_;;;;;;;;;;X
String_FR_Religion_jain_Fem;_;;;;;;;;;;X
String_FR_Religion_jain_Masc;_;;;;;;;;;;X
String_FR_Religion_jain_PlFem;_;;;;;;;;;;X
String_FR_Religion_jain_PlMasc;_;;;;;;;;;;X
String_FR_Religion_jewish_Fem;_;;;;;;;;;;X
String_FR_Religion_jewish_Masc;_;;;;;;;;;;X
String_FR_Religion_jewish_PlFem;_;;;;;;;;;;X
String_FR_Religion_jewish_PlMasc;_;;;;;;;;;;X
String_FR_Religion_karaite_Fem;_;;;;;;;;;;X
String_FR_Religion_karaite_Masc;_;;;;;;;;;;X
String_FR_Religion_karaite_PlFem;_;;;;;;;;;;X
String_FR_Religion_karaite_PlMasc;_;;;;;;;;;;X
String_FR_Religion_kharijite_Fem;_;;;;;;;;;;X
String_FR_Religion_kharijite_Masc;_;;;;;;;;;;X
String_FR_Religion_kharijite_PlFem;_;;;;;;;;;;X
String_FR_Religion_kharijite_PlMasc;_;;;;;;;;;;X
String_FR_Religion_khurmazta_Fem;_;;;;;;;;;;X
String_FR_Religion_khurmazta_Masc;_;;;;;;;;;;X
String_FR_Religion_khurmazta_PlFem;_;;;;;;;;;;X
String_FR_Religion_khurmazta_PlMasc;_;;;;;;;;;;X
String_FR_Religion_lollard_Fem;_;;;;;;;;;;X
String_FR_Religion_lollard_Masc;_;;;;;;;;;;X
String_FR_Religion_lollard_PlFem;_;;;;;;;;;;X
String_FR_Religion_lollard_PlMasc;_;;;;;;;;;;X
String_FR_Religion_manichean_Fem;_;;;;;;;;;;X
String_FR_Religion_manichean_Masc;_;;;;;;;;;;X
String_FR_Religion_manichean_PlFem;_;;;;;;;;;;X
String_FR_Religion_manichean_PlMasc;_;;;;;;;;;;X
String_FR_Religion_mazdaki_Fem;_;;;;;;;;;;X
String_FR_Religion_mazdaki_Masc;_;;;;;;;;;;X
String_FR_Religion_mazdaki_PlFem;_;;;;;;;;;;X
String_FR_Religion_mazdaki_PlMasc;_;;;;;;;;;;X
String_FR_Religion_messalian_Fem;_;;;;;;;;;;X
String_FR_Religion_messalian_Masc;_;;;;;;;;;;X
String_FR_Religion_messalian_PlFem;_;;;;;;;;;;X
String_FR_Religion_messalian_PlMasc;_;;;;;;;;;;X
String_FR_Religion_miaphysite_Fem;_;;;;;;;;;;X
String_FR_Religion_miaphysite_Masc;_;;;;;;;;;;X
String_FR_Religion_miaphysite_PlFem;_;;;;;;;;;;X
String_FR_Religion_miaphysite_PlMasc;_;;;;;;;;;;X
String_FR_Religion_monophysite_Fem;_;;;;;;;;;;X
String_FR_Religion_monophysite_Masc;_;;;;;;;;;;X
String_FR_Religion_monophysite_PlFem;_;;;;;;;;;;X
String_FR_Religion_monophysite_PlMasc;_;;;;;;;;;;X
String_FR_Religion_monothelite_Fem;_;;;;;;;;;;X
String_FR_Religion_monothelite_Masc;_;;;;;;;;;;X
String_FR_Religion_monothelite_PlFem;_;;;;;;;;;;X
String_FR_Religion_monothelite_PlMasc;_;;;;;;;;;;X
String_FR_Religion_nestorian_Fem;_;;;;;;;;;;X
String_FR_Religion_nestorian_Masc;_;;;;;;;;;;X
String_FR_Religion_nestorian_PlFem;_;;;;;;;;;;X
String_FR_Religion_nestorian_PlMasc;_;;;;;;;;;;X
String_FR_Religion_norse_pagan_Fem;_;;;;;;;;;;X
String_FR_Religion_norse_pagan_Masc;_;;;;;;;;;;X
String_FR_Religion_norse_pagan_PlFem;_;;;;;;;;;;X
String_FR_Religion_norse_pagan_PlMasc;_;;;;;;;;;;X
String_FR_Religion_norse_pagan_reformed_Fem;_;;;;;;;;;;X
String_FR_Religion_norse_pagan_reformed_Masc;_;;;;;;;;;;X
String_FR_Religion_norse_pagan_reformed_PlFem;_;;;;;;;;;;X
String_FR_Religion_norse_pagan_reformed_PlMasc;_;;;;;;;;;;X
String_FR_Religion_orthodox_Fem;_;;;;;;;;;;X
String_FR_Religion_orthodox_Masc;_;;;;;;;;;;X
String_FR_Religion_orthodox_PlFem;_;;;;;;;;;;X
String_FR_Religion_orthodox_PlMasc;_;;;;;;;;;;X
String_FR_Religion_pagan_Fem;_;;;;;;;;;;X
String_FR_Religion_pagan_Masc;_;;;;;;;;;;X
String_FR_Religion_pagan_PlFem;_;;;;;;;;;;X
String_FR_Religion_pagan_PlMasc;_;;;;;;;;;;X
String_FR_Religion_paulician_Fem;_;;;;;;;;;;X
String_FR_Religion_paulician_Masc;_;;;;;;;;;;X
String_FR_Religion_paulician_PlFem;_;;;;;;;;;;X
String_FR_Religion_paulician_PlMasc;_;;;;;;;;;;X
String_FR_Religion_samaritan_Fem;_;;;;;;;;;;X
String_FR_Religion_samaritan_Masc;_;;;;;;;;;;X
String_FR_Religion_samaritan_PlFem;_;;;;;;;;;;X
String_FR_Religion_samaritan_PlMasc;_;;;;;;;;;;X
String_FR_Religion_shiite_Fem;_;;;;;;;;;;X
String_FR_Religion_shiite_Masc;_;;;;;;;;;;X
String_FR_Religion_shiite_PlFem;_;;;;;;;;;;X
String_FR_Religion_shiite_PlMasc;_;;;;;;;;;;X
String_FR_Religion_slavic_pagan_Fem;_;;;;;;;;;;X
String_FR_Religion_slavic_pagan_Masc;_;;;;;;;;;;X
String_FR_Religion_slavic_pagan_PlFem;_;;;;;;;;;;X
String_FR_Religion_slavic_pagan_PlMasc;_;;;;;;;;;;X
String_FR_Religion_slavic_pagan_reformed_Fem;_;;;;;;;;;;X
String_FR_Religion_slavic_pagan_reformed_Masc;_;;;;;;;;;;X
String_FR_Religion_slavic_pagan_reformed_PlFem;_;;;;;;;;;;X
String_FR_Religion_slavic_pagan_reformed_PlMasc;_;;;;;;;;;;X
String_FR_Religion_sunni_Fem;_;;;;;;;;;;X
String_FR_Religion_sunni_Masc;_;;;;;;;;;;X
String_FR_Religion_sunni_PlFem;_;;;;;;;;;;X
String_FR_Religion_sunni_PlMasc;_;;;;;;;;;;X
String_FR_Religion_taoist_Fem;_;;;;;;;;;;X
String_FR_Religion_taoist_Masc;_;;;;;;;;;;X
String_FR_Religion_taoist_PlFem;_;;;;;;;;;;X
String_FR_Religion_taoist_PlMasc;_;;;;;;;;;;X
String_FR_Religion_tengri_pagan_Fem;_;;;;;;;;;;X
String_FR_Religion_tengri_pagan_Masc;_;;;;;;;;;;X
String_FR_Religion_tengri_pagan_PlFem;_;;;;;;;;;;X
String_FR_Religion_tengri_pagan_PlMasc;_;;;;;;;;;;X
String_FR_Religion_tengri_pagan_reformed_Fem;_;;;;;;;;;;X
String_FR_Religion_tengri_pagan_reformed_Masc;_;;;;;;;;;;X
String_FR_Religion_tengri_pagan_reformed_PlFem;_;;;;;;;;;;X
String_FR_Religion_tengri_pagan_reformed_PlMasc;_;;;;;;;;;;X
String_FR_Religion_waldensian_Fem;_;;;;;;;;;;X
String_FR_Religion_waldensian_Masc;_;;;;;;;;;;X
String_FR_Religion_waldensian_PlFem;_;;;;;;;;;;X
String_FR_Religion_waldensian_PlMasc;_;;;;;;;;;;X
String_FR_Religion_west_african_pagan_Fem;_;;;;;;;;;;X
String_FR_Religion_west_african_pagan_Masc;_;;;;;;;;;;X
String_FR_Religion_west_african_pagan_PlFem;_;;;;;;;;;;X
String_FR_Religion_west_african_pagan_PlMasc;_;;;;;;;;;;X
String_FR_Religion_west_african_pagan_reformed_Fem;_;;;;;;;;;;X
String_FR_Religion_west_african_pagan_reformed_Masc;_;;;;;;;;;;X
String_FR_Religion_west_african_pagan_reformed_PlFem;_;;;;;;;;;;X
String_FR_Religion_west_african_pagan_reformed_PlMasc;_;;;;;;;;;;X
String_FR_Religion_yazidi_Fem;_;;;;;;;;;;X
String_FR_Religion_yazidi_Masc;_;;;;;;;;;;X
String_FR_Religion_yazidi_PlFem;_;;;;;;;;;;X
String_FR_Religion_yazidi_PlMasc;_;;;;;;;;;;X
String_FR_Religion_zikri_Fem;_;;;;;;;;;;X
String_FR_Religion_zikri_Masc;_;;;;;;;;;;X
String_FR_Religion_zikri_PlFem;_;;;;;;;;;;X
String_FR_Religion_zikri_PlMasc;_;;;;;;;;;;X
String_FR_Religion_zoroastrian_Fem;_;;;;;;;;;;X
String_FR_Religion_zoroastrian_Masc;_;;;;;;;;;;X
String_FR_Religion_zoroastrian_PlFem;_;;;;;;;;;;X
String_FR_Religion_zoroastrian_PlMasc;_;;;;;;;;;;X
String_FR_Religion_zun_pagan_Fem;_;;;;;;;;;;X
String_FR_Religion_zun_pagan_Masc;_;;;;;;;;;;X
String_FR_Religion_zun_pagan_PlFem;_;;;;;;;;;;X
String_FR_Religion_zun_pagan_PlMasc;_;;;;;;;;;;X
String_FR_Religion_zun_pagan_reformed_Fem;_;;;;;;;;;;X
String_FR_Religion_zun_pagan_reformed_Masc;_;;;;;;;;;;X
String_FR_Religion_zun_pagan_reformed_PlFem;_;;;;;;;;;;X
String_FR_Religion_zun_pagan_reformed_PlMasc;_;;;;;;;;;;X
String_FR_ReligionGroups_christian_Fem;_;;;;;;;;;;X
String_FR_ReligionGroups_christian_Masc;_;;;;;;;;;;X
String_FR_ReligionGroups_christian_PlFem;_;;;;;;;;;;X
String_FR_ReligionGroups_christian_PlMasc;_;;;;;;;;;;X
String_FR_ReligionGroups_indian_group_Fem;_;;;;;;;;;;X
String_FR_ReligionGroups_indian_group_Masc;_;;;;;;;;;;X
String_FR_ReligionGroups_indian_group_PlFem;_;;;;;;;;;;X
String_FR_ReligionGroups_indian_group_PlMasc;_;;;;;;;;;;X
String_FR_ReligionGroups_jewish_group_Fem;_;;;;;;;;;;X
String_FR_ReligionGroups_jewish_group_Masc;_;;;;;;;;;;X
String_FR_ReligionGroups_jewish_group_PlFem;_;;;;;;;;;;X
String_FR_ReligionGroups_jewish_group_PlMasc;_;;;;;;;;;;X
String_FR_ReligionGroups_muslim_Fem;_;;;;;;;;;;X
String_FR_ReligionGroups_muslim_Masc;_;;;;;;;;;;X
String_FR_ReligionGroups_muslim_PlFem;_;;;;;;;;;;X
String_FR_ReligionGroups_muslim_PlMasc;_;;;;;;;;;;X
String_FR_ReligionGroups_pagan_group_Fem;_;;;;;;;;;;X
String_FR_ReligionGroups_pagan_group_Masc;_;;;;;;;;;;X
String_FR_ReligionGroups_pagan_group_PlFem;_;;;;;;;;;;X
String_FR_ReligionGroups_pagan_group_PlMasc;_;;;;;;;;;;X
String_FR_ReligionGroups_zoroastrian_group_Fem;_;;;;;;;;;;X
String_FR_ReligionGroups_zoroastrian_group_Masc;_;;;;;;;;;;X
String_FR_ReligionGroups_zoroastrian_group_PlFem;_;;;;;;;;;;X
String_FR_ReligionGroups_zoroastrian_group_PlMasc;_;;;;;;;;;;X
String_FR_GetEvilGodDuDelaDes_AHRIMAN;_;;;;;;;;;;X
String_FR_GetEvilGodDuDelaDes_ERLIK;_;;;;;;;;;;X
String_FR_GetEvilGodDuDelaDes_GOD_VELES;_;;;;;;;;;;X
String_FR_GetEvilGodDuDelaDes_GOD_THE_EVIL_ONES;_;;;;;;;;;;X
String_FR_GetEvilGodDuDelaDes_IBLIS;_;;;;;;;;;;X
String_FR_GetEvilGodDuDelaDes_KING_YAN;_;;;;;;;;;;X
String_FR_GetEvilGodDuDelaDes_LOKI;_;;;;;;;;;;X
String_FR_GetEvilGodDuDelaDes_MARA;_;;;;;;;;;;X
String_FR_GetEvilGodDuDelaDes_PLUTO;_;;;;;;;;;;X
String_FR_GetEvilGodDuDelaDes_SATAN;_;;;;;;;;;;X
String_FR_GetEvilGodDuDelaDes_THE_DARK_SPIRITS;_;;;;;;;;;;X
String_FR_GetEvilGodDuDelaDes_THE_DARKNESS;_;;;;;;;;;;X
String_FR_GetEvilGodDuDelaDes_THE_DEMIURGE;_;;;;;;;;;;X
String_FR_GetEvilGodDuDelaDes_THE_DEVIL;_;;;;;;;;;;X
String_FR_GetEvilGodDuDelaDes_THE_PUNISHERS;_;;;;;;;;;;X
String_FR_GetEvilGodDuDelaDes_THE_VINAYAKAS;_;;;;;;;;;;X
String_FR_GetEvilGodDuDelaDes_TLAZOLTEOTL;_;;;;;;;;;;X
String_FR_GetEvilGodDuDelaDes_TUONI;_;;;;;;;;;;X
String_FR_GetEvilGodDuDelaDes_VELNIAS;_;;;;;;;;;;X
String_FR_ScriptureDuDelaDes_Angas_Sutras;_;;;;;;;;;;X
String_FR_ScriptureDuDelaDes_Asceticus;_;;;;;;;;;;X
String_FR_ScriptureDuDelaDes_Bible;_;;;;;;;;;;X
String_FR_ScriptureDuDelaDes_Book_Of_Illumination;_;;;;;;;;;;X
String_FR_ScriptureDuDelaDes_Buddhacavana;_;;;;;;;;;;X
String_FR_ScriptureDuDelaDes_Epistles_Of_Wisdom;_;;;;;;;;;;X
String_FR_ScriptureDuDelaDes_Gathas;_;;;;;;;;;;X
String_FR_ScriptureDuDelaDes_Great_Secret;_;;;;;;;;;;X
String_FR_ScriptureDuDelaDes_Koran;_;;;;;;;;;;X
String_FR_ScriptureDuDelaDes_Legends;_;;;;;;;;;;X
String_FR_ScriptureDuDelaDes_Mahabharata;_;;;;;;;;;;X
String_FR_ScriptureDuDelaDes_MDODUS;_;;;;;;;;;;X
String_FR_ScriptureDuDelaDes_Sagas;_;;;;;;;;;;X
String_FR_ScriptureDuDelaDes_TAO_TE_CHING;_;;;;;;;;;;X
String_FR_ScriptureDuDelaDes_THE_EVANGELION;_;;;;;;;;;;X
String_FR_ScriptureDuDelaDes_Torah;_;;;;;;;;;;X
String_FR_DevilGodDuDela_Ahriman;_;;;;;;;;;;X
String_FR_DevilGodDuDela_Chernobog;_;;;;;;;;;;X
String_FR_DevilGodDuDela_Erlik;_;;;;;;;;;;X
String_FR_DevilGodDuDela_Hel;_;;;;;;;;;;X
String_FR_DevilGodDuDela_Iblis;_;;;;;;;;;;X
String_FR_DevilGodDuDela_Kali;_;;;;;;;;;;X
String_FR_DevilGodDuDela_Satan;_;;;;;;;;;;X
String_FR_GovernmentFem_chinese_imperial_government;_;;;;;;;;;;X
String_FR_GovernmentFem_confucian_bureaucracy;_;;;;;;;;;;X
String_FR_GovernmentFem_feudal_government;_;;;;;;;;;;X
String_FR_GovernmentFem_merchant_republic_government;_;;;;;;;;;;X
String_FR_GovernmentFem_muslim_government;_;;;;;;;;;;X
String_FR_GovernmentFem_nomadic_government;_;;;;;;;;;;X
String_FR_GovernmentFem_republic_government;_;;;;;;;;;;X
String_FR_GovernmentFem_theocracy_government;_;;;;;;;;;;X
String_FR_GovernmentFem_theocratic_feudal_government;_;;;;;;;;;;X
String_FR_GovernmentFem_tribal_government;_;;;;;;;;;;X
String_FR_GovernmentLeLaCap_chinese_imperial_government;_;;;;;;;;;;X
String_FR_GovernmentLeLaCap_confucian_bureaucracy;_;;;;;;;;;;X
String_FR_GovernmentLeLaCap_feudal_government;_;;;;;;;;;;X
String_FR_GovernmentLeLaCap_merchant_republic_government;_;;;;;;;;;;X
String_FR_GovernmentLeLaCap_muslim_government;_;;;;;;;;;;X
String_FR_GovernmentLeLaCap_nomadic_government;_;;;;;;;;;;X
String_FR_GovernmentLeLaCap_republic_government;_;;;;;;;;;;X
String_FR_GovernmentLeLaCap_theocracy_government;_;;;;;;;;;;X
String_FR_GovernmentLeLaCap_theocratic_feudal_government;_;;;;;;;;;;X
String_FR_GovernmentLeLaCap_tribal_government;_;;;;;;;;;;X
String_FR_GetDWReasonToJoinVariante_ill_lover;_;;;;;;;;;;X
String_FR_GetDWReasonToJoinVariante_ill_spouse;_;;;;;;;;;;X
String_FR_GetDWReasonToJoinVariante_ill_child;_;;;;;;;;;;X
String_FR_GetDWReasonToJoinVariante_money_troubles;_;;;;;;;;;;X
String_FR_GetDWReasonToJoinVariante_has_a_rival;_;;;;;;;;;;X
String_FR_GetDWReasonToJoinVariante_illness;_;;;;;;;;;;X
String_FR_GetDWReasonToJoinVariante_battle_luck;_;;;;;;;;;;X
String_FR_GetDWReasonToJoinVariante_GetDWReasonToJoin_fallback;_;;;;;;;;;;X
String_FR_GetRealmDuDela_Empire;_;;;;;;;;;;X
String_FR_GetRealmDuDela_Kingdom;_;;;;;;;;;;X
String_FR_GetRealmDuDela_Duchy;_;;;;;;;;;;X
String_FR_GetRealmDuDela_County;_;;;;;;;;;;X
String_FR_GetLegumeIncapable_male;_;;;;;;;;;;X
String_FR_GetLegumeIncapable_female;_;;;;;;;;;;X
String_FR_GetLarveVermisseau_male;_;;;;;;;;;;X
String_FR_GetLarveVermisseau_female;_;;;;;;;;;;X
String_FR_FALLBACK_GetCapitalHoldingAuAla;_;;;;;;;;;;X
String_FR_FALLBACK_GetCapitalHoldingDuDela;_;;;;;;;;;;X
String_FR_FALLBACK_GetComplimentAdjectiveMascFem;_;;;;;;;;;;X
String_FR_FALLBACK_GetCultureMasc;_;;;;;;;;;;X
String_FR_FALLBACK_GetCultureMascFem;_;;;;;;;;;;X
String_FR_FALLBACK_GetCultureMascPl;_;;;;;;;;;;X
String_FR_FALLBACK_GetDWDevilDuDela;_;;;;;;;;;;X
String_FR_FALLBACK_GetDWSettlementAuAla;_;;;;;;;;;;X
String_FR_FALLBACK_GetEvilGodDuDelaDes;_;;;;;;;;;;X
String_FR_FALLBACK_GetGovernmentFem;_;;;;;;;;;;X
String_FR_FALLBACK_GetGovernmentLeLaCap;_;;;;;;;;;;X
String_FR_FALLBACK_GetHoldingDuDela;_;;;;;;;;;;X
String_FR_FALLBACK_GetHouseOfWorshipDuDela;_;;;;;;;;;;X
String_FR_FALLBACK_GetHouseOfWorshipUnUne;_;;;;;;;;;;X
String_FR_FALLBACK_GetMatterOfImportanceOnA;_;;;;;;;;;;X
String_FR_FALLBACK_GetReligionMasc;_;;;;;;;;;;X
String_FR_FALLBACK_GetReligionMascFem;_;;;;;;;;;;X
String_FR_FALLBACK_GetReligionMascPl;_;;;;;;;;;;X
String_FR_FALLBACK_GetReligiousGroupFem;_;;;;;;;;;;X
String_FR_FALLBACK_GetReligiousGroupMascFem;_;;;;;;;;;;X
String_FR_FALLBACK_GetReligiousPersonMascFem;_;;;;;;;;;;X
String_FR_FALLBACK_GetTrueReligionHighGodDuDelaDes;_;;;;;;;;;;X
String_FR_FALLBACK_GetTrueReligionScriptureNameDuDelaDes;_;;;;;;;;;;X
