PROV1013;萝莉;;;;;;;;;;X
PROV1112;摩菟来;;;;;;;;;;X
PROV1113;查盖;;;;;;;;;;X
PROV1114;摩呼耶陀补罗;;;;;;;;;;X
PROV1115;朱罗曼陀罗;;;;;;;;;;X
PROV1116;天伽斯;;;;;;;;;;X
PROV1117;古里;;;;;;;;;;X
PROV1118;曼耶补罗;;;;;;;;;;X
PROV1119;建志补罗;;;;;;;;;;X
PROV1120;多伽头罗;;;;;;;;;;X
PROV1121;优旃耆突伽;;;;;;;;;;X
PROV1122;优陀耶耆厘;;;;;;;;;;X
PROV1123;瓶耆罗;;;;;;;;;;X
PROV1124;胡奴梨;;;;;;;;;;X
PROV1125;檀那;;;;;;;;;;X
PROV1126;昙门;;;;;;;;;;X
PROV1127;那婆萨利迦;;;;;;;;;;X
PROV1128;毗娑迦波多那;;;;;;;;;;X
PROV1129;伽多迦;;;;;;;;;;X
PROV1130;曼陀毗耶补罗;;;;;;;;;;X
PROV1131;羯曼多;;;;;;;;;;X
PROV1132;黠戛斯;;;;;;;;;;X
PROV1133;婆豆陀罗;;;;;;;;;;X
PROV1134;菩弥伽;;;;;;;;;;X
PROV1135;伐腊毗;;;;;;;;;;X
PROV1136;垂罗伽;;;;;;;;;;X
PROV1137;曼苏拉;;;;;;;;;;X
PROV1138;巴卡尔;;;;;;;;;;X
PROV1139;莫克兰;;;;;;;;;;X
PROV1140;婆拿婆赐;;;;;;;;;;X
PROV1141;x罗;;;;;;;;;;X
PROV1142;波罗提湿檀那;;;;;;;;;;X
PROV1143;伽莲尼;;;;;;;;;;X
PROV1144;x梨波稽;;;;;;;;;;X
PROV1145;提婆耆厘;;;;;;;;;;X
PROV1146;那罗突伽;;;;;;;;;;X
PROV1147;曼陀毗迦;;;;;;;;;;X
PROV1148;陀娑补罗;;;;;;;;;;X
PROV1149;陀罗;;;;;;;;;;X
PROV1150;萨楞补罗;;;;;;;;;;X
PROV1151;落湿曼那提;;;;;;;;;;X
PROV1152;秣伽耆厘;;;;;;;;;;X
PROV1153;x提婆楼舍;;;;;;;;;;X
PROV1154;摩揭陀;;;;;;;;;;X
PROV1155;室利补梨;;;;;;;;;;X
PROV1156;x陀罗迦曼陀罗;;;;;;;;;;X
PROV1157;婆罗x陀;;;;;;;;;;X
PROV1158;毗陀罗;;;;;;;;;;X
PROV1159;罗摩耆厘;;;;;;;;;;X
PROV1160;罗耶补罗;;;;;;;;;;X
PROV1161;迦湿弥罗;;;;;;;;;;X
PROV1162;拘尸那城;;;;;;;;;;X
PROV1163;波罗奈;;;;;;;;;;X
PROV1164;藻罗迦罗;;;;;;;;;;X
PROV1165;般都迦陀;;;;;;;;;;X
PROV1166;善补罗;;;;;;;;;;X
PROV1167;落伽奈;;;;;;;;;;X
PROV1168;揭谛诃罗;;;;;;;;;;X
PROV1169;伽罗毗;;;;;;;;;;X
PROV1170;毗底沙;;;;;;;;;;X
PROV1171;伽兰^罗;;;;;;;;;;X
PROV1172;果庐罗;;;;;;;;;;X
PROV1173;三婆罗;;;;;;;;;;X
PROV1174;x罗婆罗;;;;;;;;;;X
PROV1175;阿卢梨;;;;;;;;;;X
PROV1176;弥檀多伽;;;;;;;;;;X
PROV1177;贡底那;;;;;;;;;;X
PROV1178;伽卢罗;;;;;;;;;;X
PROV1179;奢羯罗;;;;;;;;;;X
PROV1180;优多般陀;;;;;;;;;;X
PROV1181;奥什鲁珊娜;;;;;;;;;;X
PROV1182;伽色尼;;;;;;;;;;X
PROV1183;博斯特;;;;;;;;;;X
PROV1184;卡拉特;;;;;;;;;;X
PROV1185;喀布尔;;;;;;;;;;X
PROV1186;赭石;;;;;;;;;;X
PROV1187;昆都士;;;;;;;;;;X
PROV1188;珂咄罗;;;;;;;;;;X
PROV1189;梵衍那;;;;;;;;;;X
PROV1190;瞿折罗多罗;;;;;;;;;;X
PROV1191;般奴;;;;;;;;;;X
PROV1192;吠罗;;;;;;;;;;X
PROV1193;三穴;;;;;;;;;;X
PROV1194;那迦岛;;;;;;;;;;X
PROV1195;毗醯提;;;;;;;;;;X
PROV1196;室利兰伽波多那;;;;;;;;;;X
PROV1197;垂罗娑牟陀罗;;;;;;;;;;X
PROV1198;伐陀毗;;;;;;;;;;X
PROV1199;毗奴x陀;;;;;;;;;;X
PROV1200;伽那罗;;;;;;;;;;X
PROV1201;贡古;;;;;;;;;;X
PROV1202;俱陀罗桑伽摩;;;;;;;;;;X
PROV1203;伊陀多来拿都;;;;;;;;;;X
PROV1204;内卢楼;;;;;;;;;;X
PROV1205;纳林;;;;;;;;;;X
PROV1206;多罗陀婆胝;;;;;;;;;;X
PROV1207;阿摩罗婆提;;;;;;;;;;X
PROV1208;剑梵毗提;;;;;;;;;;X
PROV1209;罗遮x陀;;;;;;;;;;X
PROV1210;曼耶吉多;;;;;;;;;;X
PROV1211;般那伽楼;;;;;;;;;;X
PROV1212;罗多楼罗;;;;;;;;;;X
PROV1213;x陈那;;;;;;;;;;X
PROV1214;底卢内勒吠梨;;;;;;;;;;X
PROV1215;南域;;;;;;;;;;X
PROV1216;多罗迦都;;;;;;;;;;X
PROV1217;难陀山;;;;;;;;;;X
PROV1218;阿蓝补罗;;;;;;;;;;X
PROV1219;菩多毗;;;;;;;;;;X
PROV1220;果阿;;;;;;;;;;X
PROV1221;毗奢耶婆陀;;;;;;;;;;X
PROV1222;罗^摩显陀罗婆蓝;;;;;;;;;;X
PROV1223;伊希姆;;;;;;;;;;X
PROV1224;羯陵伽那城;;;;;;;;;;X
PROV1225;补梨;;;;;;;;;;X
PROV1226;难陀城;;;;;;;;;;X
PROV1227;遮迦罗鸠多;;;;;;;;;;X
PROV1228;莎多迦曼陀罗;;;;;;;;;;X
PROV1229;谨奢梨曼陀罗;;;;;;;;;;X
PROV1230;苏伐剌那补罗;;;;;;;;;;X
PROV1231;毗罗奢;;;;;;;;;;X
PROV1232;密提那城;;;;;;;;;;X
PROV1233;七村;;;;;;;;;;X
PROV1234;昙民;;;;;;;;;;X
PROV1235;多摩梨;;;;;;;;;;X
PROV1236;月洲;;;;;;;;;;X
PROV1237;罗奢罗波;;;;;;;;;;X
PROV1238;末罗浮摩;;;;;;;;;;X
PROV1239;毗奢耶城;;;;;;;;;;X
PROV1240;鸠摩罗曼陀罗;;;;;;;;;;X
PROV1241;^罗干陀;;;;;;;;;;X
PROV1242;罗陀;;;;;;;;;;X
PROV1243;乔荼;;;;;;;;;;X
PROV1244;迦摩多城;;;;;;;;;;X
PROV1245;室利诃吒;;;;;;;;;;X
PROV1246;乔阿罗波罗;;;;;;;;;;X
PROV1247;吉旖伽拘多;;;;;;;;;;X
PROV1248;扪佗;;;;;;;;;;X
PROV1249;三婆罗补罗;;;;;;;;;;X
PROV1250;阿逾陀;;;;;;;;;;X
PROV1251;萨娑蓝;;;;;;;;;;X
PROV1252;婆罗须卢;;;;;;;;;;X
PROV1253;黑丘;;;;;;;;;;X
PROV1254;吠罗伽罗;;;;;;;;;;X
PROV1255;吠牟罗婆多;;;;;;;;;;X
PROV1256;乌兰伽楼;;;;;;;;;;X
PROV1257;弥陀迦;;;;;;;;;;X
PROV1258;难敌;;;;;;;;;;X
PROV1259;婆蹉瞿罗摩;;;;;;;;;;X
PROV1260;那尸;;;;;;;;;;X
PROV1261;波剌那吉多;;;;;;;;;;X
PROV1262;闼罗内;;;;;;;;;;X
PROV1263;补罗汉补罗;;;;;;;;;;X
PROV1264;难菟婆罗;;;;;;;;;;X
PROV1265;萨伽罗;;;;;;;;;;X
PROV1266;须门那;;;;;;;;;;X
PROV1267;筏陀摩那;;;;;;;;;;X
PROV1268;陀摩罗补罗;;;;;;;;;;X
PROV1269;旃陀;;;;;;;;;;X
PROV1270;日光城;;;;;;;;;;X
PROV1271;帝利城;;;;;;;;;;X
PROV1272;罗檀补罗;;;;;;;;;;X
PROV1273;图尔盖;;;;;;;;;;X
PROV1274;佗牟;;;;;;;;;;X
PROV1275;扎兰季;;;;;;;;;;X
PROV1276;伽耶;;;;;;;;;;X
PROV1277;都摩那;;;;;;;;;;X
PROV1278;古卢耆;;;;;;;;;;X
PROV1279;卢诃那;;;;;;;;;;X
PROV1280;戈贾姆;;;;;;;;;;X
PROV1281;旃罗那提利;;;;;;;;;;X
PROV1282;多塔沃;;;;;;;;;;X
PROV1283;阿斯尼;;;;;;;;;;X
PROV1284;婆楼梨;;;;;;;;;;X
PROV1285;不动城;;;;;;;;;;X
PROV1286;稽剌罗;;;;;;;;;;X
PROV1287;阿斯罗伽;;;;;;;;;;X
PROV1288;邬^衍那;;;;;;;;;;X
PROV1289;陀提波陀罗;;;;;;;;;;X
PROV1290;羯多迦;;;;;;;;;;X
PROV1291;牟诃陀婆娑迦;;;;;;;;;;X
PROV1292;妙音曼陀罗;;;;;;;;;;X
PROV1294;实有城;;;;;;;;;;X
PROV1295;契吒;;;;;;;;;;X
PROV1296;提摩城;;;;;;;;;;X
PROV1297;提布尔;;;;;;;;;;X
PROV1298;旃提梨;;;;;;;;;;X
PROV1299;旃豆婆;;;;;;;;;;X
PROV1300;x多;;;;;;;;;;X
PROV1301;摩呼婆;;;;;;;;;;X
PROV1302;制多罗山;;;;;;;;;;X
PROV1303;兰尼科特;;;;;;;;;;X
PROV1304;律陀罗婆;;;;;;;;;;X
PROV1305;巴尔喀什湖;;;;;;;;;;X
PROV1306;图拉;;;;;;;;;;X
PROV1307;信度河;;;;;;;;;;X
PROV1308;信度河;;;;;;;;;;X
PROV1309;信度河;;;;;;;;;;X
PROV1310;信度河;;;;;;;;;;X
PROV1311;恒河;;;;;;;;;;X
PROV1312;恒河;;;;;;;;;;X
PROV1313;恒河;;;;;;;;;;X
PROV1314;恒河;;;;;;;;;;X
PROV1315;恒河;;;;;;;;;;X
PROV1316;梵子河;;;;;;;;;;X
PROV1317;梵子河;;;;;;;;;;X
PROV1318;三摩爝;;;;;;;;;;X
PROV1319;威德城;;;;;;;;;;X
PROV1320;阿伊迪哈卜;;;;;;;;;;X
PROV1321;迦摩缕波那城;;;;;;;;;;X
PROV1322;诺帕夏;;;;;;;;;;X
PROV1323;九洲;;;;;;;;;;X
PROV1324;苏伐剌那城;;;;;;;;;;X
PROV1325;摩菟城;;;;;;;;;;X
PROV1326;纳帕塔;;;;;;;;;;X
PROV1327;卢多斯;;;;;;;;;;X
PROV1328;钵罗耶伽;;;;;;;;;;X
PROV1329;憩;;;;;;;;;;X
PROV1330;萨瓦金;;;;;;;;;;X
PROV1331;孙佗;;;;;;;;;;X
PROV1332;特林基塔特;;;;;;;;;;X
PROV1333;室毗湿檀那;;;;;;;;;;X
PROV1334;阿洛迪亚;;;;;;;;;;X
PROV1335;科斯提;;;;;;;;;;X
PROV1336;毗者努多;;;;;;;;;;X
PROV1337;邬脂;;;;;;;;;;X
PROV1338;木尔坦;;;;;;;;;;X
PROV1339;罗旬补罗;;;;;;;;;;X
PROV1340;迦卢罗;;;;;;;;;;X
PROV1341;难陀那;;;;;;;;;;X
PROV1342;佛楼沙;;;;;;;;;;X
PROV1343;马萨瓦;;;;;;;;;;X
PROV1344;泽拉;;;;;;;;;;X
PROV1345;密陀波多;;;;;;;;;;X
PROV1346;阿^耶弥卢;;;;;;;;;;X
PROV1348;若开山脉;;;;;;;;;;X
PROV1349;毗迦罗摩补罗;;;;;;;;;;X
PROV1350;梨尼;;;;;;;;;;X
PROV1352;娑罗室伐底;;;;;;;;;;X
PROV1353;吠罗多;;;;;;;;;;X
PROV1354;那乔佗;;;;;;;;;;X
PROV1355;罗那湿昙婆补罗;;;;;;;;;;X
PROV1356;曲女城;;;;;;;;;;X
PROV1357;室利波多;;;;;;;;;;X
PROV1358;菩陀摩瑜陀;;;;;;;;;;X
PROV1359;秣菟罗;;;;;;;;;;X
PROV1360;花环洲;;;;;;;;;;X
PROV1361;绍科特;;;;;;;;;;X
PROV1362;罗婆补罗;;;;;;;;;;X
PROV1363;提波补罗;;;;;;;;;;X
PROV1364;帝利般佗城;;;;;;;;;;X
PROV1365;德里;;;;;;;;;;X
PROV1366;希萨;;;;;;;;;;X
PROV1367;悉昙尼室伐罗;;;;;;;;;;X
PROV1368;象城;;;;;;;;;;X
PROV1369;索科特拉;;;;;;;;;;X
PROV1370;亚梅尔;;;;;;;;;;X
PROV1371;古兹达尔;;;;;;;;;;X
PROV1372;甘代尔;;;;;;;;;;X
PROV1373;阿萨布;;;;;;;;;;X
PROV1374;尸毗;;;;;;;;;;X
PROV1375;卡菲尔科特;;;;;;;;;;X
PROV1376;菩里;;;;;;;;;;X
PROV1377;梅摩那;;;;;;;;;;X
PROV1378;玉龙杰赤;;;;;;;;;;X
PROV1379;阿萨伊塔;;;;;;;;;;X
PROV1380;塞米恩;;;;;;;;;;X
PROV1381;奔那伐弹那;;;;;;;;;;X
PROV1413;吠那菟;;;;;;;;;;X
PROV1414;屈多娑罗;;;;;;;;;;X
PROV1415;毗多补罗;;;;;;;;;;X
PROV1416;x罗诃补罗;;;;;;;;;;X
PROV1417;瓦格;;;;;;;;;;X
PROV1418;诃卢毗湿伐罗;;;;;;;;;;X
PROV1419;弥萨罗;;;;;;;;;;X
PROV1420;僧摩罗摩城;;;;;;;;;;X
PROV1421;舍卫城;;;;;;;;;;X
PROV1422;奈弥萨;;;;;;;;;;X
PROV1423;费尔干纳;;;;;;;;;;X
PROV1424;楚河;;;;;;;;;;X
PROV1425;伊犁;;;;;;;;;;X
PROV1426;七河;;;;;;;;;;X
PROV1427;乌尔札尔;;;;;;;;;;X
PROV1428;达莫特;;;;;;;;;;X
PROV1429;比札姆德尔;;;;;;;;;;X
PROV1430;钦察;;;;;;;;;;X
PROV1431;讹答剌;;;;;;;;;;X
PROV1432;葛罗逯;;;;;;;;;;X
PROV1433;哈萨克;;;;;;;;;;X
PROV1434;巴尔喀什;;;;;;;;;;X
PROV1435;基马克;;;;;;;;;;X
PROV1436;拉科美尔扎;;;;;;;;;;X
PROV1437;提格利尼亚;;;;;;;;;;X
PROV908;鲁卜哈利沙漠;;;;;;;;;;X
d_semien;塞米恩;;;;;;;;;;X
d_semien_adj;塞米恩;;;;;;;;;;X
c_semien;塞米恩;;;;;;;;;;X
c_semien_adj;塞米恩;;;;;;;;;;X
c_tigrinya;提格利尼亚;;;;;;;;;;X
c_tigrinya_adj;提格利尼亚;;;;;;;;;;X
d_afar;阿法尔;;;;;;;;;;X
d_afar_adj;阿法尔;;;;;;;;;;X
c_assab;阿萨布;;;;;;;;;;X
c_assab_adj;阿萨布;;;;;;;;;;X
c_asayita;阿萨伊塔;;;;;;;;;;X
c_asayita_adj;阿萨伊塔;;;;;;;;;;X
c_begemder;比札姆德尔;;;;;;;;;;X
c_begemder_adj;比札姆德尔;;;;;;;;;;X
d_wag;瓦格;;;;;;;;;;X
d_wag_adj;瓦格;;;;;;;;;;X
c_wag;瓦格;;;;;;;;;;X
c_wag_adj;瓦格;;;;;;;;;;X
c_lakomelza;拉科美尔扎;;;;;;;;;;X
c_lakomelza_adj;拉科美尔扎;;;;;;;;;;X
d_gojjam;戈贾姆;;;;;;;;;;X
d_gojjam_adj;戈贾姆;;;;;;;;;;X
c_gojjam;戈贾姆;;;;;;;;;;X
c_gojjam_adj;戈贾姆;;;;;;;;;;X
d_damot;达莫特;;;;;;;;;;X
d_damot_adj;达莫特;;;;;;;;;;X
c_damot;达莫特;;;;;;;;;;X
c_damot_adj;达莫特;;;;;;;;;;X
d_shewa;沙瓦;;;;;;;;;;X
d_shewa_adj;沙瓦;;;;;;;;;;X
c_massawa;马萨瓦;;;;;;;;;;X
c_massawa_adj;马萨瓦;;;;;;;;;;X
b_massawa;马萨瓦;;;;;;;;;;X
b_antalla;安塔拉;;;;;;;;;;X
b_rama2;拉马;;;;;;;;;;X
b_hawzen;豪赞;;;;;;;;;;X
b_yeha;耶哈;;;;;;;;;;X
b_tigrinya;提格利尼亚;;;;;;;;;;X
b_adi_ramets;阿的拉美兹;;;;;;;;;;X
b_amba_maderiya;阿姆巴马德里亚;;;;;;;;;;X
b_bilamba;比拉巴;;;;;;;;;;X
b_golonco;哥隆可;;;;;;;;;;X
b_zagamat;札加马特;;;;;;;;;;X
b_adenna;阿丹那;;;;;;;;;;X
b_dabat;达巴特;;;;;;;;;;X
b_debark;德巴克;;;;;;;;;;X
b_ciarveta;支阿维达;;;;;;;;;;X
b_oivela_mariam;奥伊维拉米利暗;;;;;;;;;;X
b_belesa;比勒萨;;;;;;;;;;X
b_amja_lebes;阿姆贾 勒贝斯;;;;;;;;;;X
b_ambaras;阿姆巴拉斯;;;;;;;;;;X
b_sekota;塞科塔;;;;;;;;;;X
b_zumbo;宗博;;;;;;;;;;X
b_sacca;萨卡;;;;;;;;;;X
b_tsaicha;提塞查;;;;;;;;;;X
b_lashwa;拉西瓦;;;;;;;;;;X
b_indeher_giba;茵德赫 吉巴;;;;;;;;;;X
b_liktaba;里克塔巴;;;;;;;;;;X
b_gereger;革热格尔;;;;;;;;;;X
b_filakit;费拉基特;;;;;;;;;;X
b_chekerefta;车克热弗他;;;;;;;;;;X
b_danya;但雅;;;;;;;;;;X
b_bete_yohanis;贝特 约哈尼斯;;;;;;;;;;X
b_awariya;阿瓦日亚;;;;;;;;;;X
b_maryamu;马雅姆;;;;;;;;;;X
b_dessye;德斯耶;;;;;;;;;;X
b_kembolcha;科姆波尔查;;;;;;;;;;X
b_ziya;兹雅;;;;;;;;;;X
b_habru;哈布茹;;;;;;;;;;X
b_tigaja;提嘎加;;;;;;;;;;X
b_cherkwa;车尔科瓦;;;;;;;;;;X
b_metene;N忒讷;;;;;;;;;;X
b_gojjam;贡加姆;;;;;;;;;;X
b_mankorar;曼科拉;;;;;;;;;;X
b_eliyas;伊利亚斯;;;;;;;;;;X
b_yejube;耶苣布;;;;;;;;;;X
b_godana_mikael;贡达纳 迈克尔;;;;;;;;;;X
b_yegeleka;耶格勒卡;;;;;;;;;;X
b_baremma;巴热玛;;;;;;;;;;X
b_malbarde;马尔巴瑞德;;;;;;;;;;X
b_muger;穆戈尔;;;;;;;;;;X
b_yirga_chefe;伊尔嘎 彻费;;;;;;;;;;X
b_fasha;法沙;;;;;;;;;;X
b_awasa;阿瓦撒;;;;;;;;;;X
b_zima;自玛;;;;;;;;;;X
b_teltele;特尔特勒;;;;;;;;;;X
b_assab;阿萨布;;;;;;;;;;X
b_debaysima;德巴伊斯玛;;;;;;;;;;X
b_rehayto;热哈育拖;;;;;;;;;;X
b_manda;曼达;;;;;;;;;;X
b_agurto;阿古脱;;;;;;;;;;X
b_mergebla;梅葛布拉;;;;;;;;;;X
b_gehare;格哈尔;;;;;;;;;;X
b_asayita;阿萨伊塔;;;;;;;;;;X
b_afambo;阿法莫泊;;;;;;;;;;X
b_serdo;瑟尔多;;;;;;;;;;X
b_dedai;德代;;;;;;;;;;X
b_lofefle;洛菲弗勒;;;;;;;;;;X
b_tendaho;腾达霍;;;;;;;;;;X
b_jewaha;吉瓦哈;;;;;;;;;;X
d_socotra;索科特拉;;;;;;;;;;X
c_socotra;索科特拉;;;;;;;;;;X
b_qualnsiyah;卡楞斯亚;;;;;;;;;;X
b_qadub;卡度布;;;;;;;;;;X
b_steroh;斯特柔赫;;;;;;;;;;X
b_asma;阿斯玛;;;;;;;;;;X
b_siqirah;思琪让赫;;;;;;;;;;X
b_qashiu;卡拾乌;;;;;;;;;;X
b_qift;奇弗特;;;;;;;;;;X
b_edfu;艾德福;;;;;;;;;;X
b_ballana;巴拉那;;;;;;;;;;X
b_buhen;布亨;;;;;;;;;;X
b_premnis;皮尔姆瑞斯;;;;;;;;;;X
b_nubia;努比亚;;;;;;;;;;X
b_delgo;德尔戈;;;;;;;;;;X
b_soleb;叟勒布;;;;;;;;;;X
b_abri;阿比日;;;;;;;;;;X
b_akasha;阿卡沙;;;;;;;;;;X
b_napata;纳帕塔;;;;;;;;;;X
b_karima;卡日玛;;;;;;;;;;X
b_barah;巴冉赫;;;;;;;;;;X
b_omjerky;欧米茄尔可;;;;;;;;;;X
b_malaka;马拉卡;;;;;;;;;;X
b_wawissi;瓦维斯;;;;;;;;;;X
b_tandalti;檀达勒提;;;;;;;;;;X
b_umm_ruwaba;乌姆 茹瓦巴;;;;;;;;;;X
b_dalang;达浪葛;;;;;;;;;;X
b_kaduqli;卡杜格利;;;;;;;;;;X
b_lagawa;拉嘎瓦;;;;;;;;;;X
b_aydhab;阿伊迪哈卜;;;;;;;;;;X
b_halayeb;哈拉伊卜;;;;;;;;;;X
b_elba;艾尔巴;;;;;;;;;;X
b_shalateen;沙腊腾;;;;;;;;;;X
b_zabargad;撒巴嘎的;;;;;;;;;;X
b_tisiamti;提斯阿姆提;;;;;;;;;;X
b_taiwi;泰威;;;;;;;;;;X
b_trinkitat;特林基塔特;;;;;;;;;;X
b_tokar;通卡;;;;;;;;;;X
b_teb;特卜;;;;;;;;;;X
b_kwababa;卡瓦巴巴;;;;;;;;;;X
b_mukden;穆克登;;;;;;;;;;X
b_hayya;哈雅;;;;;;;;;;X
b_aliab;阿里阿布;;;;;;;;;;X
b_gebeit;戈贝特;;;;;;;;;;X
b_taris;塔日斯;;;;;;;;;;X
b_aroma;艾绒玛;;;;;;;;;;X
b_kagnarti;卡格娜提;;;;;;;;;;X
b_tebteb;特卜特卜;;;;;;;;;;X
b_gherset;戈尔塞特;;;;;;;;;;X
b_anag;阿纳阁;;;;;;;;;;X
b_eirayab;艾拉雅布;;;;;;;;;;X
b_nafab;拿法布;;;;;;;;;;X
b_komotit;扣莫;;;;;;;;;;X
b_tahtani;塔赫塔尼;;;;;;;;;;X
b_fanoidig;樊欧尔蒂格;;;;;;;;;;X
b_kerat;柯冉特;;;;;;;;;;X
b_kerma;科尔玛;;;;;;;;;;X
b_shendi;申迪;;;;;;;;;;X
k_somalia;索马里;;;;;;;;;;X
k_somalia_adj;索马里;;;;;;;;;;X
d_sennar;阿洛迪亚;;;;;;;;;;X
d_sennar_adj;阿洛迪亚;;;;;;;;;;X
d_hayya;比林美伊亚;;;;;;;;;;X
d_hayya_adj;比林美伊亚;;;;;;;;;;X
d_nobatia;诺帕夏;;;;;;;;;;X
d_nobatia_adj;诺帕夏;;;;;;;;;;X
c_dotawo;多塔沃;;;;;;;;;;X
c_dotawo_adj;多塔沃;;;;;;;;;;X
c_nobatia;诺帕夏;;;;;;;;;;X
c_nobatia_adj;诺帕夏;;;;;;;;;;X
c_napata;纳帕塔;;;;;;;;;;X
c_napata_adj;纳帕塔;;;;;;;;;;X
c_alodia;阿洛迪亚;;;;;;;;;;X
c_alodia_adj;阿洛迪亚;;;;;;;;;;X
c_kosti;科斯提;;;;;;;;;;X
c_kosti_adj;科斯提;;;;;;;;;;X
c_aydhab;阿伊迪哈卜;;;;;;;;;;X
c_aydhab_adj;阿伊迪哈卜;;;;;;;;;;X
c_suakin;萨瓦金;;;;;;;;;;X
c_suakin_adj;萨瓦金;;;;;;;;;;X
c_trinkitat;特林基塔特;;;;;;;;;;X
c_trinkitat_adj;特林基塔特;;;;;;;;;;X
PROV623;阿拉尔;;;;;;;;;;X
d_yaik;亚伊克;;;;;;;;;;X
d_yaik_adj;亚伊克;;;;;;;;;;X
d_zabulistan;扎布尔;;;;;;;;;;X
d_zabulistan_adj;扎布尔;;;;;;;;;;X
c_syr_darya_adj;锡尔河;;;;;;;;;;X
b_syganak;斯罕纳克;;;;;;;;;;X
b_yangikent;仰吉罕;;;;;;;;;;X
b_djend;珍德;;;;;;;;;;X
c_kyzylkum_adj;赤沙;;;;;;;;;;X
c_guryev_adj;阿特劳;;;;;;;;;;X
c_inder_adj;因德尔;;;;;;;;;;X
c_kangly_adj;康里;;;;;;;;;;X
b_kangly;康里;;;;;;;;;;X
c_aral_adj;阿拉尔;;;;;;;;;;X
c_sirjan_adj;锡尔詹;;;;;;;;;;X
c_mandesh_adj;曼代须;;;;;;;;;;X
b_urgench;玉龙杰赤;;;;;;;;;;X
b_kyrkmolla;基尔克莫拉;;;;;;;;;;X
b_kungrat;广吉剌;;;;;;;;;;X
b_kizil_agir;克孜尔阿吉尔;;;;;;;;;;X
b_khodjali;霍卓里;;;;;;;;;;X
b_ulkun;乌烈昆;;;;;;;;;;X
b_chaghcharan;查赫查兰;;;;;;;;;;X
b_banjikat;班吉卡特;;;;;;;;;;X
b_khujand;苦盏;;;;;;;;;;X
b_oshrusana;奥什鲁珊娜;;;;;;;;;;X
b_isfana;伊斯法纳;;;;;;;;;;X
b_kurkat;古尔卡特;;;;;;;;;;X
b_nau;那乌;;;;;;;;;;X
d_dihistan;大益斯坦;;;;;;;;;;X
d_dihistan_adj;大益斯坦;;;;;;;;;;X
d_merv;木鹿;;;;;;;;;;X
d_merv_adj;木鹿;;;;;;;;;;X
c_konjikala_adj;空吉卡拉;;;;;;;;;;X
c_maymana_adj;梅摩那;;;;;;;;;;X
b_maymana;梅摩那;;;;;;;;;;X
b_gurziwan;古儿吉万;;;;;;;;;;X
b_darzab;杜尔札卜;;;;;;;;;;X
b_almar;阿尔玛勒;;;;;;;;;;X
b_bilcheragh;比尔车拉格;;;;;;;;;;X
d_kerman;克尔曼;;;;;;;;;;X
d_kerman_adj;克尔曼;;;;;;;;;;X
k_gandhara;犍陀罗;;;;;;;;;;X
k_gandhara_adj;犍陀罗;;;;;;;;;;X
d_kabul;喀布尔斯坦;;;;;;;;;;X
d_kabul_adj;喀布尔斯坦;;;;;;;;;;X
c_ghazna_adj;伽色尼;;;;;;;;;;X
c_kabul_adj;喀布尔;;;;;;;;;;X
c_kunduz_adj;昆都士;;;;;;;;;;X
c_khuttal_adj;珂咄罗;;;;;;;;;;X
c_oshrusana_adj;奥什鲁珊娜;;;;;;;;;;X
b_munjan;穆贾恩;;;;;;;;;;X
b_jauz_gun;札乌兹贡;;;;;;;;;;X
b_taloqan;塔卢坎;;;;;;;;;;X
b_jurm;儒任;;;;;;;;;;X
b_dushanbe;杜尚别;;;;;;;;;;X
b_kabul;喀布尔;;;;;;;;;;X
b_baghlan;钵罗;;;;;;;;;;X
b_siminjan;萨末K;;;;;;;;;;X
b_surkh_kotal;苏尔赫科塔尔;;;;;;;;;;X
b_ghazna;伽色尼;;;;;;;;;;X
c_bost_adj;博斯特;;;;;;;;;;X
b_bost;博斯特;;;;;;;;;;X
b_kandahar;坎大哈;;;;;;;;;;X
b_zamindawar;扎明德瓦;;;;;;;;;;X
c_zaranj_adj;扎兰季;;;;;;;;;;X
b_zaranj;扎兰季;;;;;;;;;;X
b_zahak;扎哈克;;;;;;;;;;X
c_saravan_adj;萨拉万;;;;;;;;;;X
c_ashli_adj;阿斯利;;;;;;;;;;X
c_qazan_adj;喀山;;;;;;;;;;X
c_pecheneg_adj;佩切涅格;;;;;;;;;;X
c_tobol_adj;托博尔;;;;;;;;;;X
b_sibir;失必儿;;;;;;;;;;X
c_sibir_adj;失必儿;;;;;;;;;;X
d_sibir;失必儿;;;;;;;;;;X
d_sibir_adj;失必儿;;;;;;;;;;X
c_ural_adj;乌拉尔;;;;;;;;;;X
b_ural;乌拉尔;;;;;;;;;;X
b_tobol;托博尔;;;;;;;;;;X
d_yugra;尤格拉;;;;;;;;;;X
d_yugra_adj;尤格拉;;;;;;;;;;X
b_pecheneg;佩切涅格;;;;;;;;;;X
b_sangin;桑金;;;;;;;;;;X
b_gereshk;格里什克;;;;;;;;;;X
b_chaman;茶慢;;;;;;;;;;X
b_chora;乔拉;;;;;;;;;;X
b_panjwai;潘杰瓦伊;;;;;;;;;;X
b_milak;米拉克;;;;;;;;;;X
b_bonjar;博尼亚尔;;;;;;;;;;X
b_nimeh;尼梅希;;;;;;;;;;X
b_nahrain;那赫林;;;;;;;;;;X
b_mogholan;蒙哥兰;;;;;;;;;;X
b_khomri;胡姆里;;;;;;;;;;X
b_gardez;加德兹;;;;;;;;;;X
b_khost;霍斯特;;;;;;;;;;X
b_loman;鲈鳗;;;;;;;;;;X
b_katawaz;卡塔瓦兹;;;;;;;;;;X
b_sharana;娑兰那;;;;;;;;;;X
b_sangar;桑加尔;;;;;;;;;;X
b_kulob;库洛布;;;;;;;;;;X
b_vakash;发卡什;;;;;;;;;;X
b_bekobod;贝科博德;;;;;;;;;;X
c_fergana_adj;费尔干纳;;;;;;;;;;X
b_fergana;费尔干纳;;;;;;;;;;X
b_khavakend;浩罕;;;;;;;;;;X
b_namangan;纳曼干;;;;;;;;;;X
b_osh;奥希;;;;;;;;;;X
b_uzkand;乌支根;;;;;;;;;;X
b_andijan;安集延;;;;;;;;;;X
b_margilan;马尔格兰;;;;;;;;;;X
b_rishton;里什顿;;;;;;;;;;X
d_zhetysu;七河;;;;;;;;;;X
d_zhetysu_adj;七河;;;;;;;;;;X
d_syr_darya;锡尔河;;;;;;;;;;X
d_syr_darya_adj;锡尔河;;;;;;;;;;X
c_otrar_adj;讹答剌;;;;;;;;;;X
b_otrar;讹答剌;;;;;;;;;;X
b_shaulder;绍利杰尔;;;;;;;;;;X
b_shoshkakoi;朔什卡凯;;;;;;;;;;X
b_chernak;车尔纳克;;;;;;;;;;X
b_kentau;肯套;;;;;;;;;;X
b_turtkul;图尔特库尔;;;;;;;;;;X
b_chach;赭石;;;;;;;;;;X
b_navekat;纳维卡特;;;;;;;;;;X
b_sayram;赛蓝;;;;;;;;;;X
b_isbijab;伊斯比札布;;;;;;;;;;X
b_shymkent;希姆干;;;;;;;;;;X
b_pskent;别斯干;;;;;;;;;;X
b_turbat;土尔巴特;;;;;;;;;;X
c_chuy_adj;楚河;;;;;;;;;;X
b_suyab;碎叶;;;;;;;;;;X
b_bishkek;比什凯克;;;;;;;;;;X
b_almatu;阿拉木图;;;;;;;;;;X
b_taraz;怛逻斯;;;;;;;;;;X
b_merke;灭尔基;;;;;;;;;;X
b_tokmok;托克马克;;;;;;;;;;X
b_balasagun;八剌沙衮;;;;;;;;;;X
c_ili_adj;伊犁;;;;;;;;;;X
b_almaliq;阿力麻里;;;;;;;;;;X
b_kulja;固勒扎;;;;;;;;;;X
b_koktal;科克塔尔;;;;;;;;;;X
b_tekes;特克斯;;;;;;;;;;X
b_kax;哈什;;;;;;;;;;X
b_kunes;孔葛斯;;;;;;;;;;X
b_sharyn;察林;;;;;;;;;;X
c_zhetysu_adj;七河;;;;;;;;;;X
b_sarkand;萨尔坎德;;;;;;;;;;X
b_taldykorgan;塔尔迪库尔干;;;;;;;;;;X
b_karatal;卡腊塔尔;;;;;;;;;;X
b_kapchagai;汲察改;;;;;;;;;;X
b_koksu;科克苏;;;;;;;;;;X
b_matay;马台;;;;;;;;;;X
c_karluk_adj;葛罗逯;;;;;;;;;;X
b_nushibi;弩失毕;;;;;;;;;;X
b_ulug_ok;胡禄屋;;;;;;;;;;X
b_alishi;阿利施;;;;;;;;;;X
b_sakla_baga;索葛莫贺;;;;;;;;;;X
b_saryshaghan;萨雷沙甘;;;;;;;;;;X
b_zhaylaukol;斋老科尔;;;;;;;;;;X
c_narim_adj;纳林;;;;;;;;;;X
b_narim;纳林;;;;;;;;;;X
b_kolta;科尔塔;;;;;;;;;;X
b_yag;雅格;;;;;;;;;;X
b_abakan;阿巴坎;;;;;;;;;;X
c_ishim_adj;伊希姆;;;;;;;;;;X
b_ishim;伊希姆;;;;;;;;;;X
b_esil;叶西尔;;;;;;;;;;X
b_mamlyut;马姆柳特;;;;;;;;;;X
b_ust_ishim;乌斯季伊希姆;;;;;;;;;;X
d_kipchak;钦察;;;;;;;;;;X
d_kipchak_adj;钦察;;;;;;;;;;X
c_kipchak_adj;钦察;;;;;;;;;;X
b_zhitikara;杰特加拉;;;;;;;;;;X
b_zhailma;扎伊尔马;;;;;;;;;;X
b_kipchak;钦察;;;;;;;;;;X
b_amankaragaj;阿曼卡拉盖;;;;;;;;;;X
b_kusmuryn;古斯木任;;;;;;;;;;X
c_turgay_adj;图尔盖;;;;;;;;;;X
b_turgay;图尔盖;;;;;;;;;;X
b_ust_turgay;乌斯季图尔盖;;;;;;;;;;X
b_karakal;卡拉卡尔;;;;;;;;;;X
b_zhailyk;扎伊力;;;;;;;;;;X
c_kazakh_adj;哈萨克;;;;;;;;;;X
b_zhezdi;杰兹迪;;;;;;;;;;X
b_zhairem;扎伊勒姆;;;;;;;;;;X
b_zhezkazgan;杰兹卡兹甘;;;;;;;;;;X
b_karsakpay;卡尔萨克帕伊;;;;;;;;;;X
b_jezkazgan;杰兹卡兹汗;;;;;;;;;;X
b_kengir;肯吉尔;;;;;;;;;;X
d_kimak;基马克;;;;;;;;;;X
d_kimak_adj;基马克;;;;;;;;;;X
c_kimak_adj;基马克;;;;;;;;;;X
b_kimak;基马克;;;;;;;;;;X
b_tengiz;田吉兹;;;;;;;;;;X
b_atasu;阿塔苏;;;;;;;;;;X
b_arkalyk;阿尔卡雷克;;;;;;;;;;X
c_tura_adj;图拉;;;;;;;;;;X
b_tura;图拉;;;;;;;;;;X
b_almaty;阿拉木图;;;;;;;;;;X
b_bestobe;别斯托别;;;;;;;;;;X
b_seletyteniz;色烈提田尼兹;;;;;;;;;;X
b_teke;铁克;;;;;;;;;;X
b_kishkenekol;小海子;;;;;;;;;;X
c_balkhash_adj;巴尔喀什;;;;;;;;;;X
b_balkhash;巴尔喀什;;;;;;;;;;X
b_gulshat;古尔莎特;;;;;;;;;;X
b_shashubay;莎树拜;;;;;;;;;;X
b_akshatau;阿克沙套;;;;;;;;;;X
b_karazhal;卡拉扎尔;;;;;;;;;;X
b_aktogay;阿克图改;;;;;;;;;;X
b_karagandy;卡拉干达;;;;;;;;;;X
d_kirghiz;黠戛斯;;;;;;;;;;X
d_kirghiz_adj;黠戛斯;;;;;;;;;;X
c_kirghiz_adj;黠戛斯;;;;;;;;;;X
b_kirghiz;黠戛斯;;;;;;;;;;X
b_altay;阿尔泰;;;;;;;;;;X
b_telengit;铁列乌;;;;;;;;;;X
b_tele;铁勒;;;;;;;;;;X
b_osinniki;奥辛尼基;;;;;;;;;;X
c_ket_adj;憩;;;;;;;;;;X
b_ket;憩;;;;;;;;;;X
b_asino;阿西诺;;;;;;;;;;X
b_ketkas;憩加斯;;;;;;;;;;X
b_sochur;索楚尔;;;;;;;;;;X
b_chachamga;察察姆加;;;;;;;;;;X
c_urzhar_adj;乌尔札尔;;;;;;;;;;X
b_urzhar;乌尔札尔;;;;;;;;;;X
b_akzhar;阿克札尔;;;;;;;;;;X
b_ayagoz;阿亚古兹;;;;;;;;;;X
b_taskesken;达斯克斯肯;;;;;;;;;;X
b_zaysan;斋桑;;;;;;;;;;X
c_socotra_adj;索科特拉;;;;;;;;;;X
b_tamrida;泰姆利达;;;;;;;;;;X
b_qadheb;卡德哈卜;;;;;;;;;;X
b_sherubrub;谢鲁卜鲁卜;;;;;;;;;;X
b_stero;斯泰罗;;;;;;;;;;X
b_rideh;利得赫;;;;;;;;;;X
b_bidholeh;毕佐雷赫;;;;;;;;;;X
b_aadel;阿代勒;;;;;;;;;;X
PROV615;巴什基利亚;;;;;;;;;;X
PROV616;佩切涅格;;;;;;;;;;X
PROV889;乌拉尔;;;;;;;;;;X
PROV893;失必儿;;;;;;;;;;X
e_rajastan;罗^湿檀那;;;;;;;;;;X
k_sindh;信度;;;;;;;;;;X
d_sauvira;粟毗罗;;;;;;;;;;X
d_bhakkar;巴卡尔;;;;;;;;;;X
k_punjab;旁遮普;;;;;;;;;;X
d_multan;木尔坦;;;;;;;;;;X
d_lahore;罗婆补罗;;;;;;;;;;X
d_gandhara;犍陀罗;;;;;;;;;;X
k_delhi;德里;;;;;;;;;;X
d_kuru;俱卢;;;;;;;;;;X
d_haritanaka;诃利多那迦;;;;;;;;;;X
d_mathura;秣菟罗;;;;;;;;;;X
d_vodamayutja;菩陀摩瑜陀;;;;;;;;;;X
k_gujarat;瞿折罗;;;;;;;;;;X
d_gurjara_mandala;瞿折罗曼陀罗;;;;;;;;;;X
d_anartta;阿那罗多;;;;;;;;;;X
d_saurashtra;苏剌;;;;;;;;;;X
d_lata;罗多;;;;;;;;;;X
k_rajputana;罗^富檀那;;;;;;;;;;X
d_maru;摩楼;;;;;;;;;;X
d_jangladesh;旬伽罗;;;;;;;;;;X
d_stravani;湿陀罗婆尼;;;;;;;;;;X
d_medapata;密陀波多;;;;;;;;;;X
d_ajmer;阿^耶迷楼;;;;;;;;;;X
k_malwa;摩腊婆;;;;;;;;;;X
d_dadhipadra;阿底;;;;;;;;;;X
d_akara_dasarna;阿伽罗达萨那;;;;;;;;;;X
d_anupa;阿耨钵;;;;;;;;;;X
k_kosala;x萨罗;;;;;;;;;;X
d_kanyakubja;曲女城;;;;;;;;;;X
d_saryupara;萨由波罗;;;;;;;;;;X
d_jejakabhukti;o奢伽伏帝;;;;;;;;;;X
e_bengal;旁伽罗帝国;;;;;;;;;;X
e_bengal_adj;旁伽罗;;;;;;;;;;X
k_gondwana;x陀罗尼耶;;;;;;;;;;X
d_dahala;佗诃罗;;;;;;;;;;X
d_ratanpur;罗檀城;;;;;;;;;;X
k_bengal;旁伽罗;;;;;;;;;;X
d_vanga;文伽;;;;;;;;;;X
d_varendra;伐难陀罗;;;;;;;;;;X
d_gauda;乔荼;;;;;;;;;;X
d_nadia;那陀;;;;;;;;;;X
d_suhma;须摩;;;;;;;;;;X
k_kamarupa;迦摩缕波;;;;;;;;;;X
d_kamarupanagara;迦摩缕波那城;;;;;;;;;;X
d_para_lauhitya;波罗露遮;;;;;;;;;;X
d_sutiya;苏底耶;;;;;;;;;;X
k_orissa;奥梨萨;;;;;;;;;;X
d_daksina_kosala;南x萨罗;;;;;;;;;;X
d_tosali;睹舍离;;;;;;;;;;X
d_kalinga;羯陵伽;;;;;;;;;;X
d_dandakaranya;檀陀迦兰耶;;;;;;;;;;X
k_bihar;毗诃罗;;;;;;;;;;X
d_tirabhukti;帝那伏帝;;;;;;;;;;X
d_kasi;迦尸;;;;;;;;;;X
d_jharkand;^罗干陀;;;;;;;;;;X
d_magadha;摩揭陀;;;;;;;;;;X
e_deccan;德干帝国;;;;;;;;;;X
e_deccan_adj;德干;;;;;;;;;;X
k_maharastra;摩诃罗嵯;;;;;;;;;;X
d_vidharba;毗陀婆;;;;;;;;;;X
d_konkana;x迦那;;;;;;;;;;X
d_nasikya;那尸;;;;;;;;;;X
d_devagiri;提婆耆厘;;;;;;;;;;X
d_rattapadi;律多波底;;;;;;;;;;X
k_karnata;迦那多;;;;;;;;;;X
d_kalyani;伽莲尼;;;;;;;;;;X
d_gangavadi;伽婆胝;;;;;;;;;;X
d_nulambavadi;奴蓝波婆胝;;;;;;;;;;X
d_raichur_doab;梨珠罗舌;;;;;;;;;;X
k_tamilakam;陀密罗迦摩;;;;;;;;;;X
d_chola_nadu;朱罗拿都;;;;;;;;;;X
d_pandya_nadu;咀拿都;;;;;;;;;;X
d_chera_nadu;支罗拿都;;;;;;;;;;X
d_tondai_nadu;唐代拿都;;;;;;;;;;X
k_andhra;案达罗;;;;;;;;;;X
d_vengi;文耆;;;;;;;;;;X
d_udayagiri;优陀耶耆厘;;;;;;;;;;X
k_telingana;得楞伽那;;;;;;;;;;X
d_warangal;婆兰伽罗;;;;;;;;;;X
d_racakonda;罗遮x陀;;;;;;;;;;X
k_lanka;楞伽;;;;;;;;;;X
d_lanka;楞伽;;;;;;;;;;X
d_sinhala;僧伽罗;;;;;;;;;;X
c_cholamandalam;朱罗曼陀罗;;;;;;;;;;X
c_cholamandalam_adj;朱罗;;;;;;;;;;X
b_tanjavur;檀伽瓦;;;;;;;;;;X
b_uraiyur;乌莱尤尔;;;;;;;;;;X
b_nagapattinam;那迦跋特愣;;;;;;;;;;X
b_kannanur;甘那罗;;;;;;;;;;X
b_gangaikondacolapuram;甘伽x陀柯罗补愣;;;;;;;;;;X
b_srirangam;斯里愣甘;;;;;;;;;;X
b_kumbhakarna;鸠姆婆迦纳;;;;;;;;;;X
c_tagadur;多伽头罗;;;;;;;;;;X
c_tagadur_adj;多伽头罗;;;;;;;;;;X
b_tagadur;多伽头罗;;;;;;;;;;X
b_satyamangalam;瑟蒂耶门伽愣;;;;;;;;;;X
b_jinji;旖耆;;;;;;;;;;X
b_tirukkovalur;提卢伽婆卢;;;;;;;;;;X
b_padaividu;波多毗都;;;;;;;;;;X
b_siyyamangalam;斯耶门伽愣;;;;;;;;;;X
c_madurai;摩菟来;;;;;;;;;;X
c_madurai_adj;摩菟来;;;;;;;;;;X
b_madurai;摩菟来;;;;;;;;;;X
b_srivilliputtur;斯里毗利布杜尔;;;;;;;;;;X
b_ramesvaram;罗摩伐愣;;;;;;;;;;X
b_kilakarai;吉罗伽罗;;;;;;;;;;X
b_ramnadhapuram;愣那陀补愣;;;;;;;;;;X
b_tiruparankunram;提卢波兰贡愣;;;;;;;;;;X
b_anaimalai;阿奈马莱;;;;;;;;;;X
c_tirunelveli;底卢内勒吠梨;;;;;;;;;;X
c_tirunelveli_adj;底卢内勒吠梨;;;;;;;;;;X
b_tirunelveli;底卢内勒吠梨;;;;;;;;;;X
b_kayattar;迦耶多;;;;;;;;;;X
b_korkai;x迦;;;;;;;;;;X
b_kayal;迦耶;;;;;;;;;;X
b_kalugumalai;伽卢古摩罗;;;;;;;;;;X
b_tiruvalisvaram;提卢伐利婆兰;;;;;;;;;;X
c_kongu;贡古;;;;;;;;;;X
c_kongu_adj;贡古;;;;;;;;;;X
b_karavur;伽罗补;;;;;;;;;;X
b_erode;厄卢德;;;;;;;;;;X
b_perur;吠卢尔;;;;;;;;;;X
b_dharapuri;陀罗补罗;;;;;;;;;;X
b_hemambika;诃曼迦毗;;;;;;;;;;X
b_sendamangalam;西陀曼迦楞;;;;;;;;;;X
b_tiruppur;蒂卢补罗;;;;;;;;;;X
b_namakkal;那摩迦尔;;;;;;;;;;X
b_sankagiri;桑迦耆利;;;;;;;;;;X
c_tenkasi;天伽斯;;;;;;;;;;X
c_tenkasi_adj;天伽斯;;;;;;;;;;X
b_tenkasi;天伽斯;;;;;;;;;;X
b_dindigul;丁迪古尔;;;;;;;;;;X
b_sankaranayinarkovil;桑迦罗那耶那x毗;;;;;;;;;;X
b_palayamcottai;波罗延柯多;;;;;;;;;;X
b_tirumalapuram;提卢摩罗补楞;;;;;;;;;;X
b_aivarmalai;阿伐摩罗;;;;;;;;;;X
c_kanchipuram;建志补罗;;;;;;;;;;X
c_kanchipuram_adj;建志补罗;;;;;;;;;;X
b_kanchipuram;建志补罗;;;;;;;;;;X
b_uttaramerur;尤多罗摩卢;;;;;;;;;;X
b_mailapur;摩罗补罗;;;;;;;;;;X
b_rajagiri;罗奢耆利;;;;;;;;;;X
b_koodalur;x陀卢尔;;;;;;;;;;X
b_takkaloma;多伽卢摩;;;;;;;;;;X
b_alampuravi;阿楞补罗毗;;;;;;;;;;X
c_potapi;菩多毗;;;;;;;;;;X
c_potapi_adj;菩多毗;;;;;;;;;;X
b_potapi;菩多毗;;;;;;;;;;X
b_kaveripattinam;伽耶利跋提兰;;;;;;;;;;X
b_tirupati;提卢波提;;;;;;;;;;X
b_kalahasti;伽罗诃提;;;;;;;;;;X
b_melpadi;摩婆提;;;;;;;;;;X
b_tiruvannamalai;提卢瓦那摩罗;;;;;;;;;;X
b_virincipuram;毗利西补楞;;;;;;;;;;X
c_mahoyadapuram;摩呼耶陀补罗;;;;;;;;;;X
c_mahoyadapuram_adj;摩呼耶陀补罗;;;;;;;;;;X
b_mahoyadapuram;摩呼耶陀补罗;;;;;;;;;;X
b_udagai;尤陀伽;;;;;;;;;;X
b_kaladi;伽罗迪;;;;;;;;;;X
b_kunjakari;贡奢迦利;;;;;;;;;;X
b_tripunittura;提里布尼图罗;;;;;;;;;;X
b_kaviyur;伽毗由;;;;;;;;;;X
b_kadungallur;迦顿迦卢尔;;;;;;;;;;X
c_venadu;吠那菟;;;;;;;;;;X
c_venadu_adj;吠那菟;;;;;;;;;;X
b_vizhinjam;毗只旬;;;;;;;;;;X
b_kollam;x楞;;;;;;;;;;X
b_kanya_kumari;甘耶 具摩尼;;;;;;;;;;X
b_anantasayanam;阿那多萨耶兰;;;;;;;;;;X
b_kandalur;甘陀卢尔;;;;;;;;;;X
b_nagercoil;纳盖科伊尔;;;;;;;;;;X
c_qalqut;古里;;;;;;;;;;X
c_qalqut_adj;古里;;;;;;;;;;X
b_calicut;卡里卡特;;;;;;;;;;X
b_nediyiruppu;内迪耶卢补;;;;;;;;;;X
b_kannur;甘努尔;;;;;;;;;;X
b_urakam;尤罗甘;;;;;;;;;;X
b_vatakara;伐多伽罗;;;;;;;;;;X
b_parappanangadi;波罗波那迦迪;;;;;;;;;;X
b_chaliyam;伽利耶;;;;;;;;;;X
c_kanara;伽那罗;;;;;;;;;;X
c_kanara_adj;伽那罗;;;;;;;;;;X
b_udayavara;尤陀耶伐罗;;;;;;;;;;X
b_udupi;尤杜毗;;;;;;;;;;X
b_mangalur;曼迦卢尔;;;;;;;;;;X
b_dharmasthala;陀摩多罗;;;;;;;;;;X
b_kasargod;伽萨罗的;;;;;;;;;;X
b_kadarika;伽陀利迦;;;;;;;;;;X
c_kalyani;伽莲尼;;;;;;;;;;X
c_kalyani_adj;伽莲尼;;;;;;;;;;X
b_kalyani;伽莲尼;;;;;;;;;;X
b_narayanapur;那罗耶那补罗;;;;;;;;;;X
b_umapur;尤摩补罗;;;;;;;;;;X
b_hanakuni;诃那俱尼;;;;;;;;;;X
b_ausa;阿萨;;;;;;;;;;X
c_bidar;毗陀罗;;;;;;;;;;X
c_bidar_adj;毗陀罗;;;;;;;;;;X
b_bidar;毗陀罗;;;;;;;;;;X
b_avarwadi;阿伐瓦迪;;;;;;;;;;X
b_kamthana;甘多那;;;;;;;;;;X
b_bhalki;婆吉;;;;;;;;;;X
b_jalasangvi;奢罗桑毗;;;;;;;;;;X
b_bhatambra;婆多摩罗;;;;;;;;;;X
b_tekadee;陀迦德;;;;;;;;;;X
c_manyakheta;曼耶吉多;;;;;;;;;;X
c_manyakheta_adj;曼耶吉多;;;;;;;;;;X
b_manyakheta;曼耶吉多;;;;;;;;;;X
b_yadavagiri;亚达瓦基利;;;;;;;;;;X
b_sedam;塞达姆;;;;;;;;;;X
b_gulbarga;古尔伯加;;;;;;;;;;X
b_kovilkonda;科维尔贡达;;;;;;;;;;X
b_firuzabad;菲鲁扎巴迪;;;;;;;;;;X
c_sagar;萨伽罗;;;;;;;;;;X
c_sagar_adj;萨伽罗;;;;;;;;;;X
b_sagar;萨伽罗;;;;;;;;;;X
b_bagavadi;巴加瓦迪;;;;;;;;;;X
b_pattadakal;帕塔达卡尔;;;;;;;;;;X
b_talikota;达利戈达;;;;;;;;;;X
b_sorapur;苏拉补罗;;;;;;;;;;X
b_bagalkot;巴加尔科特;;;;;;;;;;X
c_srirangapatna;室利兰伽波多那;;;;;;;;;;X
c_srirangapatna_adj;室利兰伽波多那;;;;;;;;;;X
b_srirangapatna;室利兰伽波多那;;;;;;;;;;X
b_shravanabelagola;什罗瓦那贝拉戈拉;;;;;;;;;;X
b_periyapatna;佩里亚帕提纳;;;;;;;;;;X
b_panasoge;波那索戈;;;;;;;;;;X
b_nanjarayapattana;难加罗亚帕提塔纳;;;;;;;;;;X
b_belapura;贝拉普拉;;;;;;;;;;X
b_mysore;摩索罗;;;;;;;;;;X
c_talakad;多罗迦都;;;;;;;;;;X
c_talakad_adj;多罗迦都;;;;;;;;;;X
b_talakad;多罗迦都;;;;;;;;;;X
b_veppur;吠普尔;;;;;;;;;;X
b_somanathapura;苏摩纳塔普拉;;;;;;;;;;X
b_ummattur;乌摩图尔;;;;;;;;;;X
b_sivasamudram;斯伐娑牟陀罗摩;;;;;;;;;;X
b_kotagiri;科塔吉利;;;;;;;;;;X
b_narasamangala;那罗撒曼加拉;;;;;;;;;;X
b_nanjangud;南犍古提;;;;;;;;;;X
c_manyapura;曼耶补罗;;;;;;;;;;X
c_manyapura_adj;曼耶补罗;;;;;;;;;;X
b_manyapura;曼耶补罗;;;;;;;;;;X
b_aralaguppe;阿罗加古佩;;;;;;;;;;X
b_turuvekere;图鲁韦凯雷;;;;;;;;;;X
b_kikkeri;基科利;;;;;;;;;;X
b_melukote;莫鲁克特;;;;;;;;;;X
b_govindanahalli;戈文丹纳诃梨;;;;;;;;;;X
b_basaralu;巴萨罗洛;;;;;;;;;;X
c_nandagiri;难陀山;;;;;;;;;;X
c_nandagiri_adj;难陀山;;;;;;;;;;X
b_nandagiri;难陀山;;;;;;;;;;X
b_kuvalala;鸠瓦罗;;;;;;;;;;X
b_avani;阿瓦尼;;;;;;;;;;X
b_kundani;昆达尼;;;;;;;;;;X
b_nangali;南加利;;;;;;;;;;X
b_kurudumale;库鲁杜莫利;;;;;;;;;;X
b_mulavagil;莫拉瓦吉尔;;;;;;;;;;X
c_uchangidurga;优旃耆突伽;;;;;;;;;;X
c_uchangidurga_adj;优旃耆突伽;;;;;;;;;;X
b_uchangidurga;优旃耆突伽;;;;;;;;;;X
b_parivi;帕里维;;;;;;;;;;X
b_hemavati;赫摩瓦蒂;;;;;;;;;;X
b_sira;锡拉;;;;;;;;;;X
b_harihar;赫里赫尔;;;;;;;;;;X
b_chitradurga;吉德勒杜尔加;;;;;;;;;;X
b_nidugallu;尼杜加卢;;;;;;;;;;X
c_dwarasamudra;垂罗娑牟陀罗;;;;;;;;;;X
c_dwarasamudra_adj;垂罗娑牟陀罗;;;;;;;;;;X
b_dwarasamudra;垂罗娑牟陀罗;;;;;;;;;;X
b_belur;贝卢尔;;;;;;;;;;X
b_sosavur;苏萨乌尔;;;;;;;;;;X
b_hassan;哈桑;;;;;;;;;;X
b_koravangala;科罗伐那加拉;;;;;;;;;;X
b_arasikere;阿尔西盖雷;;;;;;;;;;X
b_javagallu;奢伐加卢;;;;;;;;;;X
c_alampur;阿蓝补罗;;;;;;;;;;X
c_alampur_adj;阿蓝补罗;;;;;;;;;;X
b_alampur;阿蓝补罗;;;;;;;;;;X
b_gooty;古蒂;;;;;;;;;;X
b_kampili;坎皮利;;;;;;;;;;X
b_hampi;汉比;;;;;;;;;;X
b_adavani;阿达瓦尼;;;;;;;;;;X
b_ittagi;因塔戈;;;;;;;;;;X
b_vijayanagara;毗奢耶那伽罗;;;;;;;;;;X
c_idatarainadu;伊陀多来拿都;;;;;;;;;;X
c_idatarainadu_adj;伊陀多来拿都;;;;;;;;;;X
b_mudgal;穆德格尔;;;;;;;;;;X
b_gabburu;加布罗;;;;;;;;;;X
b_raichur;赖久尔;;;;;;;;;;X
b_jaladurga;雅拉杜尔加;;;;;;;;;;X
b_hemagudda;荷摩古达;;;;;;;;;;X
b_kammatadurga;卡姆摩塔杜尔加;;;;;;;;;;X
b_manvi;曼维;;;;;;;;;;X
c_kudalasangama;俱陀罗桑伽摩;;;;;;;;;;X
c_kudalasangama_adj;俱陀罗桑伽摩;;;;;;;;;;X
b_kudalasangama;俱陀罗桑伽摩;;;;;;;;;;X
b_koppam;科潘;;;;;;;;;;X
b_musangi;穆桑戈;;;;;;;;;;X
b_anegundi;阿内古尼提;;;;;;;;;;X
b_bagali;巴加利;;;;;;;;;;X
b_kuknur;鸠努尔;;;;;;;;;;X
b_dambal;敦巴尔;;;;;;;;;;X
c_banavasi;婆拿婆赐;;;;;;;;;;X
c_banavasi_adj;婆拿婆赐;;;;;;;;;;X
b_vaijayanti;瓦加延提;;;;;;;;;;X
b_hangal;汉加尔;;;;;;;;;;X
b_balligavi;巴里加维;;;;;;;;;;X
b_vankapura;万加普拉;;;;;;;;;;X
b_lakkundi;拉昆迪;;;;;;;;;;X
b_candragutti;旃陀罗古提;;;;;;;;;;X
b_kuruvatti;库卢瓦蒂;;;;;;;;;;X
b_ikkeri;伊凯里;;;;;;;;;;X
b_sringeri;斯灵盖里;;;;;;;;;;X
c_vatapi;伐陀毗;;;;;;;;;;X
c_vatapi_adj;伐陀毗;;;;;;;;;;X
b_vatapi;伐陀毗;;;;;;;;;;X
b_venugrama;吠奴伽罗姆;;;;;;;;;;X
b_parasgad;帕拉斯迦得;;;;;;;;;;X
b_aihole;阿赫勒;;;;;;;;;;X
b_halasi;诃罗斯;;;;;;;;;;X
b_dharwar;塔尔瓦尔;;;;;;;;;;X
c_acalapura;不动城;;;;;;;;;;X
c_acalapura_adj;不动城;;;;;;;;;;X
b_acalapura;不动城;;;;;;;;;;X
b_narnala;纳尔那拉;;;;;;;;;;X
b_amravati;阿马拉瓦蒂;;;;;;;;;;X
b_kalam;加拉姆;;;;;;;;;;X
b_yavatmal;亚瓦特马尔;;;;;;;;;;X
b_bhojapur;比杰普尔;;;;;;;;;;X
c_ramagiri;罗摩耆厘;;;;;;;;;;X
c_ramagiri_adj;罗摩耆厘;;;;;;;;;;X
b_ramagiri;罗摩耆厘;;;;;;;;;;X
b_pavnar;普拉纳;;;;;;;;;;X
b_nandivardhana;难提跋达那;;;;;;;;;;X
b_mansar;曼瑟尔;;;;;;;;;;X
c_kherla;稽剌罗;;;;;;;;;;X
c_kherla_adj;稽剌罗;;;;;;;;;;X
b_kherla;稽剌罗;;;;;;;;;;X
b_pachmarhi;伯杰默里;;;;;;;;;;X
b_anjangaon;安金冈;;;;;;;;;;X
b_gawilghar;格维尔格尔;;;;;;;;;;X
c_canda;旃陀;;;;;;;;;;X
c_canda_adj;旃陀;;;;;;;;;;X
b_canda;旃陀;;;;;;;;;;X
b_ballarpur;巴拉尔普尔;;;;;;;;;;X
b_nagbhid;纳吉诃德;;;;;;;;;;X
b_rajura;拉久拉;;;;;;;;;;X
b_gadchiroli;加德奇罗利;;;;;;;;;;X
c_vairagara;吠罗伽罗;;;;;;;;;;X
c_vairagara_adj;吠罗伽罗;;;;;;;;;;X
b_vairagara;吠罗伽罗;;;;;;;;;;X
b_bhandugara;班度加罗;;;;;;;;;;X
b_cikamburika;锡甘布利加;;;;;;;;;;X
b_gondia;贡迪亚;;;;;;;;;;X
c_goa;果阿;;;;;;;;;;X
c_goa_adj;果阿;;;;;;;;;;X
b_gopakapattana;果婆迦跋多那;;;;;;;;;;X
b_gheria;盖里亚;;;;;;;;;;X
b_mathagram;马特卡罗姆;;;;;;;;;;X
b_kapardikadvipa;加帕尔底加德波;;;;;;;;;;X
b_chandrapur;钱德拉布尔;;;;;;;;;;X
b_chitrakul;赤特罗库尔;;;;;;;;;;X
c_thana;檀那;;;;;;;;;;X
c_thana_adj;檀那;;;;;;;;;;X
b_thana;檀那;;;;;;;;;;X
b_dabhol;达博尔;;;;;;;;;;X
b_kanhagiri;格尼哈吉里;;;;;;;;;;X
b_chaul;焦尔;;;;;;;;;;X
b_mahim;马希姆;;;;;;;;;;X
b_bassein;巴森;;;;;;;;;;X
b_janjira;金吉拉;;;;;;;;;;X
c_honnore;胡奴梨;;;;;;;;;;X
c_honnore_adj;胡奴梨;;;;;;;;;;X
b_honnore;胡奴梨;;;;;;;;;;X
b_bhatkal;巴特卡尔;;;;;;;;;;X
b_gokarna;戈卡尔纳;;;;;;;;;;X
b_barkur;巴库尔;;;;;;;;;;X
b_mookambika;摩甘比加;;;;;;;;;;X
b_karwar;卡瓦尔;;;;;;;;;;X
c_nasikya;那尸;;;;;;;;;;X
c_nasikya_adj;那尸;;;;;;;;;;X
b_nasikya;那尸;;;;;;;;;;X
b_seunapura;赛纳波罗;;;;;;;;;;X
b_patta;帕塔;;;;;;;;;;X
b_saptashrungi;沙普塔什伦吉;;;;;;;;;;X
b_ratangad;罗丹加;;;;;;;;;;X
b_igatpuri;伊格德布里;;;;;;;;;;X
b_tryambaka;特罗亚姆巴卡;;;;;;;;;;X
c_nandurbar;难菟婆罗;;;;;;;;;;X
c_nandurbar_adj;难菟婆罗;;;;;;;;;;X
b_nandurbar;难菟婆罗;;;;;;;;;;X
b_bhambhagiri;巴姆巴吉利;;;;;;;;;;X
b_chandor;尚多尔;;;;;;;;;;X
b_malegaon;马拉戈贡;;;;;;;;;;X
b_songarh;松加尔;;;;;;;;;;X
b_sultanpur;苏坦普尔;;;;;;;;;;X
b_mayuragiri;马由拉盖里;;;;;;;;;;X
c_kondana;x陈那;;;;;;;;;;X
c_kondana_adj;x陈那;;;;;;;;;;X
b_kondana;x陈那;;;;;;;;;;X
b_puna;普纳;;;;;;;;;;X
b_bhimashankara;比醯摩扇加罗;;;;;;;;;;X
b_chakan;查甘;;;;;;;;;;X
b_junir;朱尼尔;;;;;;;;;;X
b_raigad;拉加德;;;;;;;;;;X
b_purandar;普兰达罗;;;;;;;;;;X
b_tikona;迪戈纳;;;;;;;;;;X
b_rajmachi;拉加马奇;;;;;;;;;;X
b_sudhagad;苏迪荷加德;;;;;;;;;;X
c_devagiri;提婆耆厘;;;;;;;;;;X
c_devagiri_adj;提婆耆厘;;;;;;;;;;X
b_devagiri;提婆耆厘;;;;;;;;;;X
b_ellora;埃洛拉;;;;;;;;;;X
b_khuldabad;库尔达巴德;;;;;;;;;;X
b_grishneshwar;戈利什内湿瓦尔;;;;;;;;;;X
b_sillod;锡洛德;;;;;;;;;;X
b_vaijapur;瓦伊贾普尔;;;;;;;;;;X
c_pratishthana;波罗提湿檀那;;;;;;;;;;X
c_pratishthana_adj;波罗提湿檀那;;;;;;;;;;X
b_pratishthana;波罗提湿檀那;;;;;;;;;;X
b_harishchandragad;哈里世查迪罗加德;;;;;;;;;;X
b_chambargonda;查巴尔贡达;;;;;;;;;;X
b_patkapur;帕提加普尔;;;;;;;;;;X
b_bhingar;平格尔;;;;;;;;;;X
b_ahmednagar;艾哈迈德纳格尔;;;;;;;;;;X
c_vatsagulma;婆蹉瞿罗摩;;;;;;;;;;X
c_vatsagulma_adj;婆蹉瞿罗摩;;;;;;;;;;X
b_vatsagulma;婆蹉瞿罗摩;;;;;;;;;;X
b_jalna;贾尔纳;;;;;;;;;;X
b_satgaon;萨尔贡;;;;;;;;;;X
b_lonar;洛纳尔;;;;;;;;;;X
b_manora;马诺拉;;;;;;;;;;X
b_nandura;南杜罗;;;;;;;;;;X
c_nanded;难敌;;;;;;;;;;X
c_nanded_adj;难敌;;;;;;;;;;X
b_nanded;难敌;;;;;;;;;;X
b_aurad;奥罗德;;;;;;;;;;X
b_qandhar;坎达哈;;;;;;;;;;X
b_shelgaon;施尔冈;;;;;;;;;;X
b_pathri;帕特里;;;;;;;;;;X
b_parbhani;帕尔博亚尼;;;;;;;;;;X
c_parnakheta;波剌那吉多;;;;;;;;;;X
c_parnakheta_adj;波剌那吉多;;;;;;;;;;X
b_parnakheta;波剌那吉多;;;;;;;;;;X
b_akola;阿科拉;;;;;;;;;;X
b_mahkar;摩赫格尔;;;;;;;;;;X
b_ambadapura;奥巴达普拉;;;;;;;;;;X
b_karanja;卡兰贾;;;;;;;;;;X
b_buldhana;布尔迪亚纳;;;;;;;;;;X
c_lattalura;罗多楼罗;;;;;;;;;;X
c_lattalura_adj;罗多楼罗;;;;;;;;;;X
b_lattalura;罗多楼罗;;;;;;;;;;X
b_bir;比尔;;;;;;;;;;X
b_barshi;巴尔斯希;;;;;;;;;;X
b_udgir;乌德吉尔;;;;;;;;;;X
b_tagara;塔加拉;;;;;;;;;;X
b_darur;达鲁尔;;;;;;;;;;X
c_naldurg;那罗突伽;;;;;;;;;;X
c_naldurg_adj;那罗突伽;;;;;;;;;;X
b_naldurg;那罗突伽;;;;;;;;;;X
b_sonnalagi;松纳拉吉;;;;;;;;;;X
b_tuljapur;图尔贾普尔;;;;;;;;;;X
b_paranda;帕兰达;;;;;;;;;;X
b_karmala;卡尔马拉;;;;;;;;;;X
b_dharaseo;达拉斯;;;;;;;;;;X
c_kolhapur;x罗诃补罗;;;;;;;;;;X
c_kolhapur_adj;x罗诃补罗;;;;;;;;;;X
b_kolhapur;x罗诃补罗;;;;;;;;;;X
b_kurundaka;库伦塔克;;;;;;;;;;X
b_karahataka;卡拉荷塔克;;;;;;;;;;X
b_pranala;普罗纳拉;;;;;;;;;;X
b_satara;萨达拉;;;;;;;;;;X
b_manapura;马纳普拉;;;;;;;;;;X
b_miraj;米勒杰;;;;;;;;;;X
c_taradavadi;多罗陀婆胝;;;;;;;;;;X
c_taradavadi_adj;多罗陀婆胝;;;;;;;;;;X
b_taradavadi;多罗陀婆胝;;;;;;;;;;X
b_viyapura;维亚普拉;;;;;;;;;;X
b_saundatti;桑达特;;;;;;;;;;X
b_hastikundi;哈斯特昆迪;;;;;;;;;;X
b_pandharpur;潘达尔普尔;;;;;;;;;;X
b_sangole;桑格奥莱;;;;;;;;;;X
c_vengipura;瓶耆罗;;;;;;;;;;X
c_vengipura_adj;瓶耆罗;;;;;;;;;;X
b_vengipura;瓶耆罗;;;;;;;;;;X
b_eluru;艾鲁卢;;;;;;;;;;X
b_dwarakatirumala;达瓦拉卡蒂鲁马拉;;;;;;;;;;X
b_kondapalli;贡德伯莱;;;;;;;;;;X
b_palakollu;帕拉科鲁;;;;;;;;;;X
b_bandarulanka;班达鲁兰卡;;;;;;;;;;X
b_narasapuram;纳勒瑟布尔姆;;;;;;;;;;X
c_vijayawada;毗奢耶婆陀;;;;;;;;;;X
c_vijayawada_adj;毗奢耶婆陀;;;;;;;;;;X
b_vijayawada;毗奢耶婆陀;;;;;;;;;;X
b_kondavidu;孔达维杜;;;;;;;;;;X
b_chebrolu;丘布罗尔;;;;;;;;;;X
b_masula;摩苏拉;;;;;;;;;;X
b_guntur;贡土尔;;;;;;;;;;X
b_peddapalli;佩达帕尔利;;;;;;;;;;X
c_pithapuram;毗多补罗;;;;;;;;;;X
c_pithapuram_adj;毗多补罗;;;;;;;;;;X
b_pithapuram;毗多补罗;;;;;;;;;;X
b_mandapeta;曼达佩塔;;;;;;;;;;X
b_draksharama;达卡刹拉玛;;;;;;;;;;X
b_somarama;苏马拉玛;;;;;;;;;;X
b_samalkota;萨马尔科塔;;;;;;;;;;X
b_kakinada;卡基纳达;;;;;;;;;;X
c_rajamahendravaram;罗^摩显陀罗婆蓝;;;;;;;;;;X
c_rajamahendravaram_adj;罗^摩显陀罗婆蓝;;;;;;;;;;X
b_rajamahendravaram;罗^摩显陀罗婆蓝;;;;;;;;;;X
b_kuwakonda;库瓦贡多;;;;;;;;;;X
b_dantewada;达恩泰瓦达;;;;;;;;;;X
b_kirandul;基兰杜尔;;;;;;;;;;X
b_barsoor;柏索尔;;;;;;;;;;X
c_udayagiri;优陀耶耆厘;;;;;;;;;;X
c_udayagiri_adj;优陀耶耆厘;;;;;;;;;;X
b_udayagiri;优陀耶耆厘;;;;;;;;;;X
b_srisailam;斯里赛拉姆;;;;;;;;;;X
b_vallurapura;维鲁拉普拉;;;;;;;;;;X
b_nandyal;纳恩迪亚尔;;;;;;;;;;X
b_sriparvata;斯里帕尔维多;;;;;;;;;;X
b_gandikota;甘地科塔;;;;;;;;;;X
b_mahanandi;马哈那迪;;;;;;;;;;X
b_kanipakam;贾尼帕卡姆;;;;;;;;;;X
c_amaravati;阿摩罗婆提;;;;;;;;;;X
c_amaravati_adj;阿摩罗婆提;;;;;;;;;;X
b_amaravati;阿摩罗婆提;;;;;;;;;;X
b_vinukonda;维努贡达;;;;;;;;;;X
b_dhanyakataka;达尼亚加塔卡;;;;;;;;;;X
b_macherla;马切尔拉;;;;;;;;;;X
b_gurazala;古罗扎拉;;;;;;;;;;X
b_kotappakonda;科塔帕贡达;;;;;;;;;;X
b_ahobalam;阿赫巴拉姆;;;;;;;;;;X
c_penugonda;毗奴x陀;;;;;;;;;;X
c_penugonda_adj;毗奴x陀;;;;;;;;;;X
b_penugonda;毗奴x陀;;;;;;;;;;X
b_suragiri;苏拉基里;;;;;;;;;;X
b_anantapur;阿嫩达布尔;;;;;;;;;;X
b_togarakunta;图加拉昆达;;;;;;;;;;X
b_gurramkonda;古勒姆贡达;;;;;;;;;;X
b_rayadurgam;拉亚德加姆;;;;;;;;;;X
b_uravakonda;乌勒沃贡达;;;;;;;;;;X
b_lepakshi;莱帕科什;;;;;;;;;;X
c_nellore;内卢楼;;;;;;;;;;X
c_nellore_adj;内卢楼;;;;;;;;;;X
b_nellore;内卢楼;;;;;;;;;;X
b_kandukura;坎杜古拉;;;;;;;;;;X
b_addanki;阿登吉;;;;;;;;;;X
b_tripurantakam;特里普伦塔甘;;;;;;;;;;X
b_gundigapuri;昆迪贾普里;;;;;;;;;;X
b_mutapali;穆塔帕里;;;;;;;;;;X
c_orangallu;乌兰伽楼;;;;;;;;;;X
c_orangallu_adj;乌兰伽楼;;;;;;;;;;X
b_warangal;瓦朗加尔;;;;;;;;;;X
b_palampet;帕拉姆佩特;;;;;;;;;;X
b_kothakonda;科塔贡达;;;;;;;;;;X
b_anumakonda;阿努玛贡达;;;;;;;;;;X
b_molangoor;摩兰格尔;;;;;;;;;;X
b_bhadrakali;普德洛加利;;;;;;;;;;X
c_kambampet;剑梵毗提;;;;;;;;;;X
c_kambampet_adj;剑梵毗提;;;;;;;;;;X
b_kambampet;剑梵毗提;;;;;;;;;;X
b_bhadrachalam;巴德拉恰拉姆;;;;;;;;;;X
b_nelakondapalli;内拉康达帕利;;;;;;;;;;X
b_penuballi;佩努巴利;;;;;;;;;;X
b_suryapet;苏里亚佩特;;;;;;;;;;X
b_madupalli;马杜帕利;;;;;;;;;;X
b_shahpura;沙普拉;;;;;;;;;;X
c_vemulavada;吠牟罗婆多;;;;;;;;;;X
c_vemulavada_adj;吠牟罗婆多;;;;;;;;;;X
b_vemulavada;吠牟罗婆多;;;;;;;;;;X
b_kaulas;考拉斯;;;;;;;;;;X
b_kaleshwaram;卡勒什瓦拉姆;;;;;;;;;;X
b_indur;因杜尔;;;;;;;;;;X
b_ramgarh;兰姆伽;;;;;;;;;;X
b_potali;博塔利;;;;;;;;;;X
c_balkonda;婆罗x陀;;;;;;;;;;X
c_balkonda_adj;婆罗x陀;;;;;;;;;;X
b_balkonda;婆罗x陀;;;;;;;;;;X
b_mahur;玛赫尔;;;;;;;;;;X
b_basara;巴萨拉;;;;;;;;;;X
b_nirmal;尼尔默尔;;;;;;;;;;X
b_manikdurg;曼尼科杜戈;;;;;;;;;;X
b_dharmapuri;特尔默布里;;;;;;;;;;X
c_racakonda;罗遮x陀;;;;;;;;;;X
c_racakonda_adj;罗遮x陀;;;;;;;;;;X
b_racakonda;罗遮x陀;;;;;;;;;;X
b_bhuvanagiri;布瓦纳吉里;;;;;;;;;;X
b_manchal;马查尔;;;;;;;;;;X
b_yadagirigutta;耶达吉里古特塔;;;;;;;;;;X
c_nilagiri;黑丘;;;;;;;;;;X
c_nilagiri_adj;黑丘;;;;;;;;;;X
b_nilagiri;黑丘;;;;;;;;;;X
b_avulagadda;阿努拉贾达;;;;;;;;;;X
b_panagallu;潘加洛;;;;;;;;;;X
b_maheshwaram;马赫什瓦兰;;;;;;;;;;X
b_devarakonda;提瓦拉科恩达;;;;;;;;;;X
b_vadapally;瓦达帕里;;;;;;;;;;X
c_pannagallu;般那伽楼;;;;;;;;;;X
c_pannagallu_adj;般那伽楼;;;;;;;;;;X
b_pannagallu;般那伽楼;;;;;;;;;;X
b_nagarkurnool;纳加尔库尔诺奥尔;;;;;;;;;;X
b_charakonda;查拉贡达;;;;;;;;;;X
b_mutudugu;穆图杜古;;;;;;;;;;X
b_ghanpur;汉普尔;;;;;;;;;;X
c_medak;弥陀迦;;;;;;;;;;X
c_medak_adj;弥陀迦;;;;;;;;;;X
b_medak;弥陀迦;;;;;;;;;;X
b_domakonda;杜玛贡达;;;;;;;;;;X
b_kohir;科赫尔;;;;;;;;;;X
b_mardi;玛地;;;;;;;;;;X
b_ananthagiri;阿嫩特哈基利;;;;;;;;;;X
c_kollipake;x梨波稽;;;;;;;;;;X
c_kollipake_adj;x梨波稽;;;;;;;;;;X
b_kollipake;x梨波稽;;;;;;;;;;X
b_karmanghat;卡尔曼哈特;;;;;;;;;;X
b_golkonda;戈尔贡达;;;;;;;;;;X
b_chilkur_balaji;赤库尔巴拉吉;;;;;;;;;;X
b_devaryamjal;德瓦尔亚加利;;;;;;;;;;X
c_sripuri;室利补梨;;;;;;;;;;X
c_sripuri_adj;室利补梨;;;;;;;;;;X
b_sripuri;室利补梨;;;;;;;;;;X
b_rajiva_lochana;罗耆伐卢查那;;;;;;;;;;X
b_nuapada;努瓦帕达;;;;;;;;;;X
b_bagbahara;巴格巴哈拉;;;;;;;;;;X
b_basna;巴斯纳;;;;;;;;;;X
c_rayapura;罗耶补罗;;;;;;;;;;X
c_rayapura_adj;罗耶补罗;;;;;;;;;;X
b_rayapura;罗耶补罗;;;;;;;;;;X
b_rajim;拉基姆;;;;;;;;;;X
b_shivapura;什瓦普拉;;;;;;;;;;X
b_shivadurga;什瓦杜尔加;;;;;;;;;;X
b_nandgram;南杜格拉姆;;;;;;;;;;X
c_suvarnapura;苏伐剌那补罗;;;;;;;;;;X
c_suvarnapura_adj;苏伐剌那补罗;;;;;;;;;;X
b_suvarnapura;苏伐剌那补罗;;;;;;;;;;X
b_kalahandi;卡拉汉迪;;;;;;;;;;X
b_yajatinagara;亚雅提那加罗;;;;;;;;;;X
b_vinitapura;维尼多普拉;;;;;;;;;;X
b_agalpur;阿戈尔布尔;;;;;;;;;;X
b_patna;巴特那;;;;;;;;;;X
b_bargarh;伯尔格尔;;;;;;;;;;X
c_sambalpur;三婆罗补罗;;;;;;;;;;X
c_sambalpur_adj;三婆罗补罗;;;;;;;;;;X
b_sambalpur;三婆罗补罗;;;;;;;;;;X
b_ranipur;拉尼普尔;;;;;;;;;;X
b_samaleswari;沙摩勒斯瓦里;;;;;;;;;;X
b_rajgangpur;罗加冈普尔;;;;;;;;;;X
b_bimaleswar;比摩勒斯瓦尔;;;;;;;;;;X
b_maneswar;摩尼斯瓦尔;;;;;;;;;;X
c_kiranapura;日光城;;;;;;;;;;X
c_kiranapura_adj;日光城;;;;;;;;;;X
b_kiranapura;日光城;;;;;;;;;;X
b_balaghat;巴拉加特;;;;;;;;;;X
b_lanji;兰基;;;;;;;;;;X
c_kataka;伽多迦;;;;;;;;;;X
c_kataka_adj;伽多迦;;;;;;;;;;X
b_katak;伽多迦;;;;;;;;;;X
b_bhubaneswar;布巴内斯瓦尔;;;;;;;;;;X
b_dhauli;陶利;;;;;;;;;;X
b_athgarh;阿特格尔;;;;;;;;;;X
b_sarala;沙罗拉;;;;;;;;;;X
b_sakshigopal;沙科什瞿帕尔;;;;;;;;;;X
c_viraja;毗罗奢;;;;;;;;;;X
c_viraja_adj;毗罗奢;;;;;;;;;;X
b_viraja;毗罗奢;;;;;;;;;;X
b_raibania;拉巴尼亚;;;;;;;;;;X
b_mahavinayak;摩哈维亚纳科;;;;;;;;;;X
b_bhadrak;巴德拉克;;;;;;;;;;X
b_anandpur;阿嫩德布尔;;;;;;;;;;X
b_soro;索罗;;;;;;;;;;X
b_baleshvara;巴勒什瓦罗;;;;;;;;;;X
c_khinjali_mandala;谨奢梨曼陀罗;;;;;;;;;;X
c_khinjali_mandala_adj;谨奢梨;;;;;;;;;;X
b_khinjali;谨奢梨;;;;;;;;;;X
b_nilamadhav;尼拉摩;;;;;;;;;;X
b_nayagarh;纳耶加尔;;;;;;;;;;X
b_baramba;巴兰巴;;;;;;;;;;X
c_kodalaka_mandala;x陀罗迦曼陀罗;;;;;;;;;;X
c_kodalaka_mandala_adj;x陀罗迦;;;;;;;;;;X
b_kodalaka;x陀罗迦;;;;;;;;;;X
b_bajrakot;巴加罗科塔;;;;;;;;;;X
b_deogarh;代奥格尔;;;;;;;;;;X
b_talcher;塔尔切尔;;;;;;;;;;X
b_dhenkanal;登卡纳尔;;;;;;;;;;X
b_kapilash;卡佩拉什;;;;;;;;;;X
b_joranda_gadhi;基兰达加迪;;;;;;;;;;X
b_karamul;卡拉穆尔;;;;;;;;;;X
c_khijjingakota;吉旖伽拘多;;;;;;;;;;X
c_khijjingakota_adj;吉旖伽拘多;;;;;;;;;;X
b_khijjinga;吉旖伽;;;;;;;;;;X
b_asanapat;阿桑纳帕提;;;;;;;;;;X
b_sitabhinji;斯塔宾基;;;;;;;;;;X
b_kirianagar;吉里安纳加尔;;;;;;;;;;X
b_bahalda;伯赫尔达;;;;;;;;;;X
b_baripada;巴里帕达;;;;;;;;;;X
b_ghatagaon;贾塔加昂;;;;;;;;;;X
c_puri;补梨;;;;;;;;;;X
c_puri_adj;补梨;;;;;;;;;;X
b_puri;补梨;;;;;;;;;;X
b_buguda;布古达;;;;;;;;;;X
b_jaugada;贾戈达;;;;;;;;;;X
b_aska;阿斯加;;;;;;;;;;X
b_ganjam;甘贾姆;;;;;;;;;;X
b_taratarini;塔拉塔里尼;;;;;;;;;;X
b_gopalpur;x波罗补罗;;;;;;;;;;X
c_swetaka_mandala;莎多迦曼陀罗;;;;;;;;;;X
c_swetaka_mandala_adj;莎多迦;;;;;;;;;;X
b_swetakapura;莎多迦城;;;;;;;;;;X
b_rayagada;罗耶迦陀;;;;;;;;;;X
b_umerkote;郁咩利x谛;;;;;;;;;;X
b_badakhemundi;婆陀艺蒙提;;;;;;;;;;X
c_kalinganagar;羯陵伽城;;;;;;;;;;X
c_kalinganagar_adj;羯陵伽城;;;;;;;;;;X
b_mandasa;曼陀娑;;;;;;;;;;X
b_kalinganagara;羯陵伽城;;;;;;;;;;X
b_kalingapattanam;羯陵伽波多那;;;;;;;;;;X
b_srikurmam;室利俱利蒙;;;;;;;;;;X
b_srikakulam;室利迦俱蓝;;;;;;;;;;X
c_vizagipatam;毗娑迦波多那;;;;;;;;;;X
c_vizagipatam_adj;毗娑迦波多那;;;;;;;;;;X
b_vizagipatam;毗娑迦波多那;;;;;;;;;;X
b_simhachalam;狮旃蓝;;;;;;;;;;X
b_anakapalle;阿那迦波罗勒;;;;;;;;;;X
b_kotipalli;x提波罗梨;;;;;;;;;;X
b_bavikonda;婆毗x陀;;;;;;;;;;X
b_bheemunipatnam;吠夷牟尼跋南;;;;;;;;;;X
c_cakrakuta;遮迦罗鸠多;;;;;;;;;;X
c_cakrakuta_adj;遮迦罗鸠多;;;;;;;;;;X
b_cakrakuta;遮迦罗鸠多;;;;;;;;;;X
b_jagdalpur;^迦陀罗城;;;;;;;;;;X
b_kanker;建艺罗;;;;;;;;;;X
c_barasuru;婆罗须卢;;;;;;;;;;X
c_barasuru_adj;婆罗须卢;;;;;;;;;;X
b_barasuru;婆罗须卢;;;;;;;;;;X
c_nandapur;难陀城;;;;;;;;;;X
c_nandapur_adj;难陀城;;;;;;;;;;X
b_nandapur;难陀城;;;;;;;;;;X
b_dharamgarh;达摩迦罗;;;;;;;;;;X
b_koraput;x罗富多;;;;;;;;;;X
b_junagarh;周那迦罗;;;;;;;;;;X
b_jeypore;o耶城;;;;;;;;;;X
c_tripuri;帝利城;;;;;;;;;;X
c_tripuri_adj;帝利城;;;;;;;;;;X
b_tripuri;帝利城;;;;;;;;;;X
b_mandla;门陀罗;;;;;;;;;;X
b_garha;迦罗诃;;;;;;;;;;X
c_chauragarh;藻罗迦罗;;;;;;;;;;X
c_chauragarh_adj;藻罗迦罗;;;;;;;;;;X
b_chauragarh;藻罗迦罗;;;;;;;;;;X
b_bohani;菩诃尼;;;;;;;;;;X
b_barman;婆罗曼;;;;;;;;;;X
c_bandhugadha;般都迦陀;;;;;;;;;;X
c_bandhugadha_adj;般都迦陀;;;;;;;;;;X
b_bandhugadha;般都迦陀;;;;;;;;;;X
b_shahdol;沙赫多尔;;;;;;;;;;X
b_virateshwar;毗罗蒂尸婆罗;;;;;;;;;;X
b_bahoriband;婆呼利般陀;;;;;;;;;;X
c_tummana;都摩那;;;;;;;;;;X
c_tummana_adj;都摩那;;;;;;;;;;X
b_tummana;都摩那;;;;;;;;;;X
b_amarkantak;阿摩罗干达;;;;;;;;;;X
b_manendragarh;摩内那陀罗迦罗;;;;;;;;;;X
c_ratanpur;罗檀城;;;;;;;;;;X
c_ratanpur_adj;罗檀城;;;;;;;;;;X
b_ratanpur;罗檀城;;;;;;;;;;X
b_saravpur;娑罗婆城;;;;;;;;;;X
b_savarinarayana;娑婆利那罗衍那;;;;;;;;;;X
c_bikrampur;威德城;;;;;;;;;;X
c_bikrampur_adj;威德城;;;;;;;;;;X
b_bikrampur;威德城;;;;;;;;;;X
b_sutrapur;须陀罗城;;;;;;;;;;X
b_dhakeshwari_jatiya_mandir;达卡女神庙;;;;;;;;;;X
b_loricol;萝莉控;;;;;;;;;;X
b_shakhari_bazar;释诃利市集;;;;;;;;;;X
b_hajiganj;诃耆犍^;;;;;;;;;;X
c_kumara_mandala;鸠摩罗曼陀罗;;;;;;;;;;X
c_kumara_mandala_adj;鸠摩罗;;;;;;;;;;X
b_kumarakhali;鸠摩罗卡梨;;;;;;;;;;X
b_fathabad;法特赫巴德;;;;;;;;;;X
b_ekdala;夷迦陀罗;;;;;;;;;;X
b_katasgarh;迦多娑伽罗;;;;;;;;;;X
c_candradvipa;月洲;;;;;;;;;;X
c_candradvipa_adj;月洲;;;;;;;;;;X
b_candradvipa;月洲;;;;;;;;;;X
b_khulna;丘罗那;;;;;;;;;;X
b_sathkira;萨诃吉罗;;;;;;;;;;X
b_bagerhat;巴格哈特;;;;;;;;;;X
b_bakarganj;波迦罗犍^;;;;;;;;;;X
c_samatata;三摩爝;;;;;;;;;;X
c_samatata_adj;三摩爝;;;;;;;;;;X
b_devaparvata;提婆波罗婆多;;;;;;;;;;X
b_chatigama;旃提迦摩;;;;;;;;;;X
b_candranatha;旃陀罗那多;;;;;;;;;;X
c_karmanta;羯曼多;;;;;;;;;;X
c_karmanta_adj;羯曼多;;;;;;;;;;X
b_karmanta;羯曼多;;;;;;;;;;X
b_mainamati;梅那摩提;;;;;;;;;;X
b_unakoti;郁那x提;;;;;;;;;;X
b_udaipur;乌代普尔;;;;;;;;;;X
c_madhupur;摩菟城;;;;;;;;;;X
c_madhupur_adj;摩菟城;;;;;;;;;;X
b_madhupur;摩菟城;;;;;;;;;;X
b_pabna;波婆那;;;;;;;;;;X
b_bogra;菩迦罗;;;;;;;;;;X
b_baghabarihat;婆迦婆利诃;;;;;;;;;;X
c_pundravardhana;奔那伐弹那;;;;;;;;;;X
c_pundravardhana_adj;奔那伐弹那;;;;;;;;;;X
b_pundravardhana;奔那伐弹那;;;;;;;;;;X
b_mahasthangarh;摩诃娑檀伽罗;;;;;;;;;;X
b_somapura_mahavihara;苏摩城大毗诃罗;;;;;;;;;;X
b_totaram_panditer_dhap;豆多蓝 般提蒂罗土丘;;;;;;;;;;X
b_khulnar_dhap;丘罗土丘;;;;;;;;;;X
b_bhimer_jangal;毗咩罗 旬迦罗;;;;;;;;;;X
b_ghoraghat;x罗揭;;;;;;;;;;X
c_suvarnagram;苏伐剌城;;;;;;;;;;X
c_suvarnagram_adj;苏伐剌城;;;;;;;;;;X
b_narikella;那利艺罗;;;;;;;;;;X
b_suvarnagram;苏伐剌城;;;;;;;;;;X
b_satkhira;萨吉罗;;;;;;;;;;X
b_susanga;苏桑迦;;;;;;;;;;X
b_bokainagar;菩迦伊城;;;;;;;;;;X
c_gauda;乔荼;;;;;;;;;;X
c_gauda_adj;乔荼;;;;;;;;;;X
b_karnasubarna;伽罗那苏婆罗那;;;;;;;;;;X
b_raktamrittika;落昙利提迦;;;;;;;;;;X
b_tarapith;多罗毗多;;;;;;;;;;X
b_adinatha_mandir;阿提那多神庙;;;;;;;;;;X
b_agmahl;阿迦摩诃;;;;;;;;;;X
b_teliagarhi;谛梨阿迦罗;;;;;;;;;;X
c_radha;罗陀;;;;;;;;;;X
c_radha_adj;罗陀;;;;;;;;;;X
b_lakhnor;落诃奴罗;;;;;;;;;;X
b_kalyaneshwari;迦罗耶内尸婆罗;;;;;;;;;;X
b_katwa;揭婆;;;;;;;;;;X
b_gopbhum;x波补摩;;;;;;;;;;X
b_ichhai_ghoshgarh;伊旃诃伊 x舍伽罗;;;;;;;;;;X
b_hirapur;酰罗城;;;;;;;;;;X
c_laksmanavati;落湿曼那提;;;;;;;;;;X
c_laksmanavati_adj;落湿曼那提;;;;;;;;;;X
b_laksmanavati;落湿曼那提;;;;;;;;;;X
b_gaur;乔罗;;;;;;;;;;X
b_malda;摩罗陀;;;;;;;;;;X
b_rampur_boalia;蓝补罗 菩阿梨阿;;;;;;;;;;X
b_pandua;般菟阿;;;;;;;;;;X
b_puthia;补提阿;;;;;;;;;;X
c_kotivarsa;x提婆楼舍;;;;;;;;;;X
c_kotivarsa_adj;x提婆楼舍;;;;;;;;;;X
b_ramavati;罗摩婆提;;;;;;;;;;X
b_devkot;提婆x多;;;;;;;;;;X
b_bangarh;般迦罗;;;;;;;;;;X
b_jagaddala;^揭陀罗;;;;;;;;;;X
b_korat;x罗多;;;;;;;;;;X
b_siliguri;斯梨古利;;;;;;;;;;X
c_nabadwipa;九洲;;;;;;;;;;X
c_nabadwipa_adj;九洲;;;;;;;;;;X
b_nabadwipa;九洲;;;;;;;;;;X
b_krishnagar;黑天城;;;;;;;;;;X
b_pancharatna;般旃罗多那;;;;;;;;;;X
b_bidhyanandikathi;毗陀耶难提迦底;;;;;;;;;;X
b_madhyadwip;摩陀耶洲;;;;;;;;;;X
b_godrumdwip;x陀难洲;;;;;;;;;;X
b_ritudwip;利堵洲;;;;;;;;;;X
c_saptagrama;七村;;;;;;;;;;X
c_saptagrama_adj;七村;;;;;;;;;;X
b_saptagrama;七村;;;;;;;;;;X
b_bansberia;般娑吠利阿;;;;;;;;;;X
b_chinsura;旃那苏罗;;;;;;;;;;X
b_mahanad;摩诃那陀;;;;;;;;;;X
b_tribeni;帝利吠尼;;;;;;;;;;X
b_shantipur;胜提城;;;;;;;;;;X
c_vijayapura;毗奢耶城;;;;;;;;;;X
c_vijayapura_adj;毗奢耶城;;;;;;;;;;X
b_vijayapura;毗奢耶城;;;;;;;;;;X
b_begunia;毗古尼阿;;;;;;;;;;X
b_patuli;波堵梨;;;;;;;;;;X
b_kalna;迦罗那;;;;;;;;;;X
b_churulia;旃郁楼梨阿;;;;;;;;;;X
b_dishergarh;提舍夷罗堡;;;;;;;;;;X
c_tamralipti;多摩梨;;;;;;;;;;X
c_tamralipti_adj;多摩梨;;;;;;;;;;X
b_tamralipti;多摩梨;;;;;;;;;;X
b_sagardwip;娑迦罗洲;;;;;;;;;;X
b_jahajghata;耶诃耶迦陀;;;;;;;;;;X
b_chandraketugarh;旃陀罗艺堵堡;;;;;;;;;;X
b_ishwaripur;伊尸婆梨城;;;;;;;;;;X
c_midnapore;密提那城;;;;;;;;;;X
c_midnapore_adj;密提那城;;;;;;;;;;X
b_midnapore;密提那城;;;;;;;;;;X
b_moghalmari;牟迦罗摩利;;;;;;;;;;X
b_dantan;檀檀;;;;;;;;;;X
b_kashipur;迦尸城;;;;;;;;;;X
b_hilji;酰罗耆;;;;;;;;;;X
c_mallabhum;末罗浮摩;;;;;;;;;;X
c_mallabhum_adj;末罗浮摩;;;;;;;;;;X
b_bishnupur;毗湿奴城;;;;;;;;;;X
b_dihar;提诃罗;;;;;;;;;;X
b_baghmundi;婆迦蒙提;;;;;;;;;;X
b_mandaran;曼陀兰;;;;;;;;;;X
b_chandrakona;旃陀罗x那;;;;;;;;;;X
b_garhbeta;迦罗吠多;;;;;;;;;;X
c_kamarupanagara;迦摩缕波城;;;;;;;;;;X
c_kamarupanagara_adj;迦摩缕波城;;;;;;;;;;X
b_kamarupanagara;迦摩缕波城;;;;;;;;;;X
b_pragyotisapura;波罗迦乌提娑城;;;;;;;;;;X
b_madan_kamdev;摩檀迦摩;;;;;;;;;;X
b_hajo;诃^乌;;;;;;;;;;X
b_durjaya;头罗^耶;;;;;;;;;;X
b_manikuta;摩尼俱多;;;;;;;;;;X
b_dariyaon;陀利耶乌那;;;;;;;;;;X
c_kamatapur;迦摩多城;;;;;;;;;;X
c_kamatapur_adj;迦摩多城;;;;;;;;;;X
b_kamatapur;迦摩多城;;;;;;;;;;X
b_nalrajar_garh;那罗耶罗堡;;;;;;;;;;X
b_mainaguri;梅那古利;;;;;;;;;;X
b_japyesvara;耶波耶夷室伐罗;;;;;;;;;;X
b_bhitagarh;毗多迦罗;;;;;;;;;;X
c_goalpara;乔阿罗波罗;;;;;;;;;;X
c_goalpara_adj;乔阿罗波罗;;;;;;;;;;X
b_goalpara;乔阿罗波罗;;;;;;;;;;X
b_sri_surya_pahar;室利苏利耶波诃罗;;;;;;;;;;X
b_kamakhya;迦摩乙;;;;;;;;;;X
b_dhubri;菟婆利;;;;;;;;;;X
c_dimapur;提摩城;;;;;;;;;;X
c_dimapur_adj;提摩城;;;;;;;;;;X
b_dimapur;提摩城;;;;;;;;;;X
b_herombial;诃夷卢摩毗阿罗;;;;;;;;;;X
b_oddiyana2;乌提耶那;;;;;;;;;;X
b_maibong;摩夷菩那迦;;;;;;;;;;X
c_srihatta;室利诃吒;;;;;;;;;;X
c_srihatta_adj;室利诃吒;;;;;;;;;;X
b_srihatta;室利诃吒;;;;;;;;;;X
b_habiganj;诃毗犍^;;;;;;;;;;X
b_egarosindur;夷迦卢斯那突;;;;;;;;;;X
b_nasirabad;那赐罗跋;;;;;;;;;;X
b_jangalbari;旬迦罗婆利;;;;;;;;;;X
c_haruppeswara;诃卢毗湿伐罗;;;;;;;;;;X
c_haruppeswara_adj;诃卢毗湿伐罗;;;;;;;;;;X
b_haruppeswara;诃卢毗湿伐罗;;;;;;;;;;X
b_numaligarh;奴摩梨堡;;;;;;;;;;X
b_dibarumukh;提婆楼牟迦;;;;;;;;;;X
b_charaideo;查莱碉;;;;;;;;;;X
c_kundina;贡底那;;;;;;;;;;X
c_kundina_adj;贡底那;;;;;;;;;;X
b_kundina;贡底那;;;;;;;;;;X
b_prithiminagar;波利底弥那迦罗;;;;;;;;;;X
b_sadiya;娑提耶;;;;;;;;;;X
b_tinsukia;提那须吉阿;;;;;;;;;;X
c_mithila;弥萨罗;;;;;;;;;;X
c_mithila_adj;弥萨罗;;;;;;;;;;X
b_mithila;弥萨罗;;;;;;;;;;X
b_yavamajjhaka;耶婆摩^迦;;;;;;;;;;X
b_saligrama;娑梨村;;;;;;;;;;X
b_sugauna;须乔那;;;;;;;;;;X
b_darbhanga;陀罗般迦;;;;;;;;;;X
b_hajipur;诃耆城;;;;;;;;;;X
b_siwan;锡万;;;;;;;;;;X
c_kusinagara;拘尸城;;;;;;;;;;X
c_kusinagara_adj;拘尸城;;;;;;;;;;X
b_kusinagara;拘尸城;;;;;;;;;;X
b_lumbini;蓝毗尼;;;;;;;;;;X
b_padrauna;跋罗郁那;;;;;;;;;;X
b_ramagrama;罗摩村;;;;;;;;;;X
b_pava;波伐;;;;;;;;;;X
b_chapra;旃波罗;;;;;;;;;;X
c_simaramapura;僧摩罗摩城;;;;;;;;;;X
c_simaramapura_adj;僧摩罗摩城;;;;;;;;;;X
b_simaramapura;僧摩罗摩城;;;;;;;;;;X
b_kesaria;艺娑利阿;;;;;;;;;;X
b_bhaktagrama;博多村;;;;;;;;;;X
b_kathmandu;加德满都;;;;;;;;;;X
b_pattana;跋多那;;;;;;;;;;X
b_bettiah;吠提阿;;;;;;;;;;X
b_vaid;毗陀;;;;;;;;;;X
c_varanasi;波罗奈;;;;;;;;;;X
c_varanasi_adj;波罗奈;;;;;;;;;;X
b_varanasi;波罗奈;;;;;;;;;;X
b_sarnath;鹿野苑;;;;;;;;;;X
b_bhadohi;巴多希;;;;;;;;;;X
b_ballia;婆罗利阿;;;;;;;;;;X
b_durga_mandir;杜尔迦女神庙;;;;;;;;;;X
b_kashi_vishwanath;迦湿湿婆神庙;;;;;;;;;;X
c_jaunpur;善补罗;;;;;;;;;;X
c_jaunpur_adj;善补罗;;;;;;;;;;X
b_kerarkot;艺罗x提;;;;;;;;;;X
b_gadhipuri;迦提城;;;;;;;;;;X
b_dohrighat;豆利揭;;;;;;;;;;X
b_jaunpur;善补罗;;;;;;;;;;X
b_amethi;阿咩底;;;;;;;;;;X
b_haldi;诃罗提;;;;;;;;;;X
b_tanda;檀陀;;;;;;;;;;X
c_chunar;旃罗那提利;;;;;;;;;;X
c_chunar_adj;旃罗那提利;;;;;;;;;;X
b_chunar;旃罗那提利;;;;;;;;;;X
b_vindhyachal;频陀旃罗;;;;;;;;;;X
b_kantit;建提底;;;;;;;;;;X
c_munda;扪佗;;;;;;;;;;X
c_munda_adj;扪佗;;;;;;;;;;X
b_chutia;旃郁提阿;;;;;;;;;;X
b_ratu;罗兜;;;;;;;;;;X
b_marang_buru;摩烂迦补卢;;;;;;;;;;X
c_jharkand;^罗干陀;;;;;;;;;;X
c_jharkand_adj;^罗干陀;;;;;;;;;;X
b_koriya;x利耶;;;;;;;;;;X
b_kandra;建陀罗;;;;;;;;;;X
b_ambikapur;阿摩毗迦城;;;;;;;;;;X
c_damin_i_koh;昙民;;;;;;;;;;X
c_damin_i_koh_adj;昙民;;;;;;;;;;X
b_deogarh2;提乌堡;;;;;;;;;;X
b_shikarji;湿迦罗耆;;;;;;;;;;X
c_rajrappa;罗奢罗波;;;;;;;;;;X
c_rajrappa_adj;罗奢罗波;;;;;;;;;;X
b_rajrappa;罗奢罗波;;;;;;;;;;X
b_kenduli;艺那头梨;;;;;;;;;;X
c_magadha;摩揭陀;;;;;;;;;;X
c_magadha_adj;摩揭陀;;;;;;;;;;X
b_pataliputra;华氏城;;;;;;;;;;X
b_odantapuri;飞行寺;;;;;;;;;;X
b_maner;摩内罗;;;;;;;;;;X
b_barh;婆罗;;;;;;;;;;X
b_bihar_sharif;毗诃罗谢里夫;;;;;;;;;;X
b_rajagrha;王舍城;;;;;;;;;;X
b_triveni;帝力吠尼;;;;;;;;;;X
c_sasaram;萨娑蓝;;;;;;;;;;X
c_sasaram_adj;萨娑蓝;;;;;;;;;;X
b_sasaram;萨娑蓝;;;;;;;;;;X
b_jaund;善陀;;;;;;;;;;X
b_mundeshwari;蒙提尸婆罗;;;;;;;;;;X
b_arrah;阿罗;;;;;;;;;;X
b_horilnagar;呼利罗城;;;;;;;;;;X
c_rothas;卢多斯;;;;;;;;;;X
c_rothas_adj;卢多斯;;;;;;;;;;X
b_rohtas;卢多斯;;;;;;;;;;X
b_rohtasgarh;卢诃多娑堡;;;;;;;;;;X
b_rohtasan;卢诃多桑;;;;;;;;;;X
b_betla;吠多罗;;;;;;;;;;X
b_palamau;波罗摩郁;;;;;;;;;;X
c_mudgagiri;秣伽耆厘;;;;;;;;;;X
c_mudgagiri_adj;秣伽耆厘;;;;;;;;;;X
b_mudgagiri;秣伽耆厘;;;;;;;;;;X
b_kahalgaon;迦诃罗迦乌那;;;;;;;;;;X
b_campa;遮摩罗;;;;;;;;;;X
b_vikramasila;毗迦罗摩斯罗;;;;;;;;;;X
b_karnagarh;迦罗城;;;;;;;;;;X
b_jahnugiri;耶诃奴山;;;;;;;;;;X
b_lakhisarai;罗吉娑罗伊;;;;;;;;;;X
c_gaya;伽耶;;;;;;;;;;X
c_gaya_adj;伽耶;;;;;;;;;;X
b_gaya;伽耶;;;;;;;;;;X
b_bodh_gaya;菩提伽耶;;;;;;;;;;X
b_elahabad;安拉阿巴德;;;;;;;;;;X
b_nalanda;那烂陀;;;;;;;;;;X
b_sherghati;舍夷罗迦提;;;;;;;;;;X
b_nawada;那婆陀;;;;;;;;;;X
c_kanyakubja;曲女城;;;;;;;;;;X
c_kanyakubja_adj;曲女城;;;;;;;;;;X
b_kanyakubja;曲女城;;;;;;;;;;X
b_jajmau;^o牟;;;;;;;;;;X
b_bithor;毗豆罗;;;;;;;;;;X
b_etawah;夷多婆诃;;;;;;;;;;X
b_swargdwari;尸婆罗迦陀婆利;;;;;;;;;;X
b_kampil;甘毗罗;;;;;;;;;;X
b_jai_chandra;耆旃陀罗;;;;;;;;;;X
c_lakhnau;落伽奈;;;;;;;;;;X
c_lakhnau_adj;落伽奈;;;;;;;;;;X
b_lakhnau;落伽奈;;;;;;;;;;X
b_jasnaul;耶娑那乌罗;;;;;;;;;;X
b_satrikh;娑帝力迦;;;;;;;;;;X
b_hardoi;诃罗豆伊;;;;;;;;;;X
b_zaidpur;宰德城;;;;;;;;;;X
c_kalpi;伽罗毗;;;;;;;;;;X
c_kalpi_adj;伽罗毗;;;;;;;;;;X
b_kalpi;伽罗毗;;;;;;;;;;X
b_jalaun;耶罗郁那;;;;;;;;;;X
b_lahar;拉诃罗;;;;;;;;;;X
b_oirai;乌伊罗伊;;;;;;;;;;X
b_kurara;俱罗罗;;;;;;;;;;X
b_konch;x旃;;;;;;;;;;X
c_bharauli;婆楼梨;;;;;;;;;;X
c_bharauli_adj;婆楼梨;;;;;;;;;;X
b_bharauli;婆楼梨;;;;;;;;;;X
b_manikpur;摩尼迦城;;;;;;;;;;X
b_lalganj;罗梨犍^;;;;;;;;;;X
b_bhadri;婆陀利;;;;;;;;;;X
c_prayaga;钵罗耶伽;;;;;;;;;;X
c_prayaga_adj;钵罗耶伽;;;;;;;;;;X
b_prayaga;钵罗耶伽;;;;;;;;;;X
b_daraganj;陀罗犍^;;;;;;;;;;X
b_alopibagh;阿卢毗婆迦;;;;;;;;;;X
b_kausambi;x赏弥;;;;;;;;;;X
b_chowk;朝克;;;;;;;;;;X
b_kara;迦罗;;;;;;;;;;X
b_dariyabad;达里耶巴德;;;;;;;;;;X
c_asni;阿斯尼;;;;;;;;;;X
c_asni_adj;阿斯尼;;;;;;;;;;X
b_asni2;阿斯尼;;;;;;;;;;X
b_bhitargaon;毗多罗迦乌那;;;;;;;;;;X
b_kora;x罗;;;;;;;;;;X
b_musanagar;牟娑城;;;;;;;;;;X
b_shivrajpur;尸婆罗^城;;;;;;;;;;X
b_bindki;频陀吉;;;;;;;;;;X
b_khaga;卡迦;;;;;;;;;;X
c_naimisa;奈弥萨;;;;;;;;;;X
c_naimisa_adj;奈弥萨;;;;;;;;;;X
b_naimisa;奈弥萨;;;;;;;;;;X
b_bahraich;婆诃罗伊旃;;;;;;;;;;X
b_gonda;x陀;;;;;;;;;;X
b_lakhimpur;罗紧城;;;;;;;;;;X
b_sitapur;斯多城;;;;;;;;;;X
b_misrikh;弥室利迦;;;;;;;;;;X
c_sravasti;舍卫城;;;;;;;;;;X
c_sravasti_adj;舍卫城;;;;;;;;;;X
b_sravasti;舍卫城;;;;;;;;;;X
b_barohiya;婆卢酰耶;;;;;;;;;;X
b_jetavana;只陀林;;;;;;;;;;X
b_amorha;阿摩罗诃;;;;;;;;;;X
b_gorakhnath_math;郭拉洽纳特神庙;;;;;;;;;;X
b_gorakhpur;郭拉洽城;;;;;;;;;;X
b_maghar;摩迦罗;;;;;;;;;;X
c_ayodhya;阿逾陀;;;;;;;;;;X
c_ayodhya_adj;阿逾陀;;;;;;;;;;X
b_ayodhya;阿逾陀;;;;;;;;;;X
b_ramkot;蓝x多;;;;;;;;;;X
b_ram_janmabhoomi;罗摩降诞处;;;;;;;;;;X
b_nageshwarnath;那艺尸婆罗那多;;;;;;;;;;X
b_hanuman_garhi;哈奴曼伽罗酰;;;;;;;;;;X
b_faizabad;法扎巴德;;;;;;;;;;X
b_sarairasi;萨罗依罗斯;;;;;;;;;;X
c_mahoba;摩呼婆;;;;;;;;;;X
c_mahoba_adj;摩呼婆;;;;;;;;;;X
b_mahoba;摩呼婆;;;;;;;;;;X
b_chitrakuta;支多罗鸠多;;;;;;;;;;X
b_hamirpur;诃弥罗城;;;;;;;;;;X
b_ajaigarh;阿^堡;;;;;;;;;;X
b_rath;罗提;;;;;;;;;;X
c_kalanjara;伽兰^罗;;;;;;;;;;X
c_kalanjara_adj;伽兰^罗;;;;;;;;;;X
b_kalinjar;羯陵^罗;;;;;;;;;;X
b_khajuraho;迦周那诃;;;;;;;;;;X
b_jayapura;^耶城;;;;;;;;;;X
b_bhatta;跋多;;;;;;;;;;X
b_panna;般那;;;;;;;;;;X
b_devendranagar;提吠那陀罗城;;;;;;;;;;X
c_damoh;佗牟;;;;;;;;;;X
c_damoh_adj;佗牟;;;;;;;;;;X
b_damoh;佗牟;;;;;;;;;;X
b_dhamoni;佗牟尼;;;;;;;;;;X
b_nohta;奴诃多;;;;;;;;;;X
b_singrampur;斯那伽罗城;;;;;;;;;;X
b_narsinghgarh;那罗斯那迦堡;;;;;;;;;;X
c_gurgi;古卢耆;;;;;;;;;;X
c_gurgi_adj;古卢耆;;;;;;;;;;X
b_gurgi;古卢耆;;;;;;;;;;X
b_satna;萨多那;;;;;;;;;;X
b_bathgahora;婆多迦呼罗;;;;;;;;;;X
b_chandrehi;旃陀梨酰;;;;;;;;;;X
c_delhi;德里;;;;;;;;;;X
c_delhi_adj;德里;;;;;;;;;;X
b_indraprastha;因陀罗城;;;;;;;;;;X
b_dhilika;提梨迦;;;;;;;;;;X
b_mehrauli;咩诃罗郁梨;;;;;;;;;;X
b_lalkot;拉尔科特;;;;;;;;;;X
b_narela;那梨罗;;;;;;;;;;X
b_siri;斯利;;;;;;;;;;X
b_jahanpanah;贾汉帕那赫;;;;;;;;;;X
b_lori_berd;萝莉堡;;;;;;;;;;X
b_dzegh;迪撒格;;;;;;;;;;X
b_dmanis;迪曼尼斯;;;;;;;;;;X
b_agarak;阿加拉克;;;;;;;;;;X
b_hovk;何福;;;;;;;;;;X
b_erkan;厄而罕;;;;;;;;;;X
c_hastinapura;象城;;;;;;;;;;X
c_hastinapura_adj;象城;;;;;;;;;;X
b_hastinapura;象城;;;;;;;;;;X
b_pandeshwar;般提尸婆罗;;;;;;;;;;X
b_pankot;般x多;;;;;;;;;;X
b_indrasthana;因陀罗悉昙那;;;;;;;;;;X
b_mirath;弥罗多;;;;;;;;;;X
b_baran;婆兰;;;;;;;;;;X
b_hapur;诃利城;;;;;;;;;;X
c_sthanisvara;悉昙尼室伐罗;;;;;;;;;;X
c_sthanisvara_adj;悉昙尼室伐罗;;;;;;;;;;X
b_saharanpur;娑诃兰城;;;;;;;;;;X
b_sthanisvara;悉昙尼室伐罗;;;;;;;;;;X
b_shakumbhri_devi;女神舍俱摩婆利居处;;;;;;;;;;X
b_sirhind;西尔兴德;;;;;;;;;;X
b_karnal;迦罗那罗;;;;;;;;;;X
b_samana;娑摩那;;;;;;;;;;X
b_panipat;波尼跋;;;;;;;;;;X
c_hisar;希萨;;;;;;;;;;X
c_hisar_adj;希萨;;;;;;;;;;X
b_asigarh;阿斯堡;;;;;;;;;;X
b_asika;阿斯迦;;;;;;;;;;X
b_surajkund;苏罗^贡陀;;;;;;;;;;X
b_rohtak;卢诃达;;;;;;;;;;X
b_hisar;希萨;;;;;;;;;;X
b_kalanaur;迦罗那郁罗;;;;;;;;;;X
b_agroha;阿迦卢诃;;;;;;;;;;X
c_tribandapura;帝利般佗城;;;;;;;;;;X
c_tribandapura_adj;帝利般佗城;;;;;;;;;;X
b_tribandapura;帝利般佗城;;;;;;;;;;X
b_sunam;须南;;;;;;;;;;X
b_jaintpuri;耆那多城;;;;;;;;;;X
b_kartikeya;伽罗提艺耶;;;;;;;;;;X
b_amin;阿闵;;;;;;;;;;X
c_sarasvati;娑罗室伐底;;;;;;;;;;X
c_sarasvati_adj;娑罗室伐底;;;;;;;;;;X
b_sarasvati;娑罗室伐底;;;;;;;;;;X
b_bhadra;婆德拉;;;;;;;;;;X
b_bhatnir;婆提尼;;;;;;;;;;X
b_tarain;多罗因;;;;;;;;;;X
c_mathura;秣菟罗;;;;;;;;;;X
c_mathura_adj;秣菟罗;;;;;;;;;;X
b_mathura;秣菟罗;;;;;;;;;;X
b_krishnajanmabhoomi;吉利那旬摩诃弥;;;;;;;;;;X
b_govardhan;哥瓦尔丹;;;;;;;;;;X
b_vrindavan;温达文;;;;;;;;;;X
b_mankameshwar;蒙伽莫舍瓦;;;;;;;;;;X
b_agra;阿格罗;;;;;;;;;;X
b_khanwa;汗瓦;;;;;;;;;;X
b_dhanauli;诃努利;;;;;;;;;;X
c_kol;x罗;;;;;;;;;;X
c_kol_adj;x罗;;;;;;;;;;X
b_dor;兜尔;;;;;;;;;;X
b_kol;x罗;;;;;;;;;;X
b_soron;索龙;;;;;;;;;;X
b_nilavati;尼罗伐利;;;;;;;;;;X
b_etah;埃达;;;;;;;;;;X
b_barauli;婆罗利;;;;;;;;;;X
c_sripatha;室利波多;;;;;;;;;;X
c_sripatha_adj;室利波多;;;;;;;;;;X
b_sripatha;室利波多;;;;;;;;;;X
b_bayana;婆耶那;;;;;;;;;;X
b_dhavalapuri;德诃伐罗补罗;;;;;;;;;;X
b_dholeshwar_mahadev;诃勒西瓦 摩诃德瓦;;;;;;;;;;X
b_abanhagari;阿班和伽尼;;;;;;;;;;X
c_vodamayutja;菩陀摩瑜陀;;;;;;;;;;X
c_vodamayutja_adj;菩陀摩瑜陀;;;;;;;;;;X
b_vodamayutja;菩陀摩瑜陀;;;;;;;;;;X
b_ahichatra;阿诃夏多;;;;;;;;;;X
b_tilokpur;帝洛补罗;;;;;;;;;;X
b_anwala;阿瓦罗;;;;;;;;;;X
b_bareily;婆雷利;;;;;;;;;;X
b_sheikhupur;舍侯补罗;;;;;;;;;;X
c_sambhal;三婆罗;;;;;;;;;;X
c_sambhal_adj;三婆罗;;;;;;;;;;X
b_sambhal;三婆罗;;;;;;;;;;X
b_tattandapura;多檀陀补罗;;;;;;;;;;X
b_ujhani;乌诃尼;;;;;;;;;;X
b_amroha;阿姆罗赫;;;;;;;;;;X
b_sirsi;希尔西;;;;;;;;;;X
b_bachhraon;婆查罗恩;;;;;;;;;;X
c_katehar;揭谛诃罗;;;;;;;;;;X
c_katehar_adj;揭谛诃罗;;;;;;;;;;X
b_mandawar;秣底补罗;;;;;;;;;;X
b_bijnor;毗杰诺尔;;;;;;;;;;X
b_gangadvara;甘伽伐罗;;;;;;;;;;X
b_rishikesh;瑞诗凯诗;;;;;;;;;;X
b_nehtaur;内多尔;;;;;;;;;;X
b_kartikeyapura;伽尔凯迪耶补罗;;;;;;;;;;X
b_jageshwar;奢斯瓦;;;;;;;;;;X
c_dadhipadra;陀提波陀罗;;;;;;;;;;X
c_dadhipadra_adj;陀提波陀罗;;;;;;;;;;X
b_dadhipadra;陀提波陀罗;;;;;;;;;;X
b_pavagadh;波伐伽德;;;;;;;;;;X
b_champaner;尚庞;;;;;;;;;;X
b_godhra;戈持罗;;;;;;;;;;X
b_kalika_mata;伽利伽 摩多;;;;;;;;;;X
b_jawad;奢瓦德;;;;;;;;;;X
c_dhara;陀罗;;;;;;;;;;X
c_dhara_adj;陀罗;;;;;;;;;;X
b_dhara;陀罗;;;;;;;;;;X
b_betma;博摩;;;;;;;;;;X
b_dharampuri;诃愣补罗;;;;;;;;;;X
b_indore;印多尔;;;;;;;;;;X
b_depalpur;德波补罗;;;;;;;;;;X
b_jobat;焦婆德;;;;;;;;;;X
b_sailana;萨罗那;;;;;;;;;;X
c_dasapura;陀娑补罗;;;;;;;;;;X
c_dasapura_adj;陀娑补罗;;;;;;;;;;X
b_dasapura;陀娑补罗;;;;;;;;;;X
b_sondani;苏陀尼;;;;;;;;;;X
b_dharmrajeshwar;诃摩罗o斯瓦;;;;;;;;;;X
b_hinglajgarh;辛罗伽尔;;;;;;;;;;X
b_taxakeshwar;多喀克斯瓦;;;;;;;;;;X
c_ujjayini;邬^衍那;;;;;;;;;;X
c_ujjayini_adj;邬^衍那;;;;;;;;;;X
b_ujjayini;邬^衍那;;;;;;;;;;X
b_mahakaleshwar;摩诃伽勒斯瓦;;;;;;;;;;X
b_mehidpur;梅希德补罗;;;;;;;;;;X
b_dewas;德瓦斯;;;;;;;;;;X
b_maksi;摩克西;;;;;;;;;;X
b_akodia;阿戈迪亚;;;;;;;;;;X
c_sarangpur;萨楞补罗;;;;;;;;;;X
c_sarangpur_adj;萨楞补罗;;;;;;;;;;X
b_sarangpur;萨楞补罗;;;;;;;;;;X
b_ashta;阿什多;;;;;;;;;;X
b_sidhhapur;西诃补罗;;;;;;;;;;X
b_gagraun;伽罗恩;;;;;;;;;;X
b_rajgarh;罗伽诃;;;;;;;;;;X
b_jhalawar;奢罗瓦;;;;;;;;;;X
c_vidisa;毗底沙;;;;;;;;;;X
c_vidisa_adj;毗底沙;;;;;;;;;;X
b_vidisa;毗底沙;;;;;;;;;;X
b_sanchi;桑支;;;;;;;;;;X
b_sironj;希罗纳;;;;;;;;;;X
b_bijamandal;比加曼达;;;;;;;;;;X
b_raisin;罗僧;;;;;;;;;;X
b_bhojpur;波迦补罗;;;;;;;;;;X
b_mangla_devi;吉祥女神居处;;;;;;;;;;X
c_chanderi;旃提梨;;;;;;;;;;X
c_chanderi_adj;旃提梨;;;;;;;;;;X
b_chanderi;旃提梨;;;;;;;;;;X
b_jhansi;占西;;;;;;;;;;X
b_luacchagiri;卢迦吉利;;;;;;;;;;X
b_garh_kundar;迦尔 贡陀尔;;;;;;;;;;X
b_jarai_ka_math;奢罗迦摩斯;;;;;;;;;;X
b_khurai;库赖;;;;;;;;;;X
b_aharji;阿诃吉;;;;;;;;;;X
c_candhoba;旃豆婆;;;;;;;;;;X
c_candhoba_adj;旃豆婆;;;;;;;;;;X
b_candhoba;旃豆婆;;;;;;;;;;X
b_sipri;斯毗;;;;;;;;;;X
b_guna;古那;;;;;;;;;;X
b_kadwaya;迦伐耶;;;;;;;;;;X
c_mandapika;曼陀毗迦;;;;;;;;;;X
c_mandapika_adj;曼陀毗迦;;;;;;;;;;X
b_mandapika;曼陀毗迦;;;;;;;;;;X
b_bawangaja;婆伐那迦;;;;;;;;;;X
b_maheshwar;莫黑什沃尔;;;;;;;;;;X
b_borgarh;浦迦尔;;;;;;;;;;X
b_avasgarh;阿伐迦罗;;;;;;;;;;X
c_asirgarh;阿斯罗伽;;;;;;;;;;X
c_asirgarh_adj;阿斯罗伽;;;;;;;;;;X
b_asirgarh;阿斯罗伽;;;;;;;;;;X
b_khandwa;肯德瓦;;;;;;;;;;X
b_khargone;迦戈讷;;;;;;;;;;X
b_mandleshwar;门内萨瓦;;;;;;;;;;X
b_sanawad;桑瓦的;;;;;;;;;;X
c_burhanpur;布尔汉补罗;;;;;;;;;;X
c_burhanpur_adj;布尔汉补罗;;;;;;;;;;X
b_burhanpur;布尔汉补罗;;;;;;;;;;X
b_erandol;埃伦多尔;;;;;;;;;;X
b_vaghli;伐迦利;;;;;;;;;;X
b_changdev;旃多伐;;;;;;;;;;X
b_yawal;耶瓦;;;;;;;;;;X
c_thalner;闼罗内;;;;;;;;;;X
c_thalner_adj;闼罗内;;;;;;;;;;X
b_thalner;闼罗内;;;;;;;;;;X
b_balasane;婆罗娑内;;;;;;;;;;X
b_sindkheda;辛德凯达;;;;;;;;;;X
b_bhamer;婆摩尔;;;;;;;;;;X
b_jhodga;殊迦;;;;;;;;;;X
b_laling;罗尼恩;;;;;;;;;;X
b_amalner;阿默尔内尔;;;;;;;;;;X
c_sarasvata_mandala;妙音曼陀罗;;;;;;;;;;X
c_sarasvata_mandala_adj;妙音;;;;;;;;;;X
b_anahilapataka;阿那诃罗波陀迦;;;;;;;;;;X
b_vadnagar;婆多那伽罗;;;;;;;;;;X
b_siddhapura;悉达补罗;;;;;;;;;;X
b_kamboika;甘波迦;;;;;;;;;;X
b_modhera;摩诃罗;;;;;;;;;;X
b_idar;伊德尔;;;;;;;;;;X
b_kheralu;诃罗卢;;;;;;;;;;X
b_shertha;舍陀;;;;;;;;;;X
c_khetaka;盾城;;;;;;;;;;X
c_khetaka_adj;盾城;;;;;;;;;;X
b_khetaka;盾城;;;;;;;;;;X
b_khambhat;坎贝;;;;;;;;;;X
b_dholka;陀尔迦;;;;;;;;;;X
b_tarapur;多罗城;;;;;;;;;;X
b_ashaval;阿舍伐;;;;;;;;;;X
b_nadiad;那提德;;;;;;;;;;X
b_bhadran;波多兰;;;;;;;;;;X
b_sanand;桑恩德;;;;;;;;;;X
c_mohadavasaka;牟诃陀婆娑迦;;;;;;;;;;X
c_mohadavasaka_adj;牟诃陀婆娑迦;;;;;;;;;;X
b_mohadavasaka;牟诃陀婆娑迦;;;;;;;;;;X
b_jhalod;旬卢;;;;;;;;;;X
b_lunawada;卢那瓦陀;;;;;;;;;;X
b_shamlaji;萨罗吉;;;;;;;;;;X
b_unjha;温恰;;;;;;;;;;X
b_danta;檀波;;;;;;;;;;X
c_dhamalpur;陀摩罗补罗;;;;;;;;;;X
c_dhamalpur_adj;陀摩罗补罗;;;;;;;;;;X
b_dhamalpur;陀摩罗补罗;;;;;;;;;;X
b_morvi;摩尔比;;;;;;;;;;X
b_lakhota;罗诃陀;;;;;;;;;;X
b_halvad;哈尔瓦;;;;;;;;;;X
b_khasta;迦多;;;;;;;;;;X
c_dvaraka;垂罗伽;;;;;;;;;;X
c_dvaraka_adj;垂罗伽;;;;;;;;;;X
b_dvaraka;垂罗伽;;;;;;;;;;X
b_lalpur;那尔补罗;;;;;;;;;;X
b_dwarakadheesh;多罗迦诃沙;;;;;;;;;;X
b_gomati;戈摩蒂;;;;;;;;;;X
b_bhanvad;般跋;;;;;;;;;;X
c_kutch;契吒;;;;;;;;;;X
c_kutch_adj;契吒;;;;;;;;;;X
b_kanthakota;甘多x多;;;;;;;;;;X
b_anjar;阿迦尔;;;;;;;;;;X
b_dhaneti;陀内提;;;;;;;;;;X
b_bhuj;普杰;;;;;;;;;;X
c_bhumilka;菩弥伽;;;;;;;;;;X
c_bhumilka_adj;菩弥伽;;;;;;;;;;X
b_vamanasthali;伐摩那多利;;;;;;;;;;X
b_bhumilka;菩弥伽;;;;;;;;;;X
b_girnar;吉尔纳尔;;;;;;;;;;X
b_uperkot;乌吠x;;;;;;;;;;X
b_bhavnat;般那特;;;;;;;;;;X
b_mangrol;门罗尔;;;;;;;;;;X
b_shrinagar;斯利那加;;;;;;;;;;X
c_somnath;须门那;;;;;;;;;;X
c_somnath_adj;须门那;;;;;;;;;;X
b_vejalkot;伐迦x;;;;;;;;;;X
b_somnath;须门那;;;;;;;;;;X
b_delvada;提伐陀;;;;;;;;;;X
b_diu;提乌;;;;;;;;;;X
b_veraval;韦拉沃尔;;;;;;;;;;X
b_kanjetar;甘o陀;;;;;;;;;;X
b_moherak;摩诃罗卡;;;;;;;;;;X
c_vardhamana;筏陀摩那;;;;;;;;;;X
c_vardhamana_adj;筏陀摩那;;;;;;;;;;X
b_vardhamana;筏陀摩那;;;;;;;;;;X
b_amarvalli;阿摩伐梨;;;;;;;;;;X
b_ranpur;兰补罗;;;;;;;;;;X
c_valabhi;伐腊毗;;;;;;;;;;X
c_valabhi_adj;伐腊毗;;;;;;;;;;X
b_valabhi;伐腊毗;;;;;;;;;;X
b_gundigar;古蒂迦;;;;;;;;;;X
b_sihor;锡霍尔;;;;;;;;;;X
b_palatina;波罗提那;;;;;;;;;;X
b_shatrunjaya;沙查迦耶;;;;;;;;;;X
b_dhandhuka;滕图加;;;;;;;;;;X
c_navasarika;那婆萨利迦;;;;;;;;;;X
c_navasarika_adj;那婆萨利迦;;;;;;;;;;X
b_akruresvara;阿贡鲁萨罗;;;;;;;;;;X
b_navasarika;那婆萨利迦;;;;;;;;;;X
b_bharuch;布罗奇;;;;;;;;;;X
b_surat;苏拉特;;;;;;;;;;X
b_rander;兰多尔;;;;;;;;;;X
b_dharampur;达兰补罗;;;;;;;;;;X
b_variav;伐里瓦;;;;;;;;;;X
b_rajpipla;罗吉婆毗罗;;;;;;;;;;X
b_tadkeshwar;达义湿瓦;;;;;;;;;;X
c_daman;昙门;;;;;;;;;;X
c_daman_adj;昙门;;;;;;;;;;X
b_daman;昙门;;;;;;;;;;X
b_sanjan;纳加尔;;;;;;;;;;X
b_surparaka;苏尔帕拉加;;;;;;;;;;X
b_nagar_haveli;那迦 诃伐尼;;;;;;;;;;X
b_pardi;波尔提;;;;;;;;;;X
b_bulsar;补萨尔;;;;;;;;;;X
b_ramnagar;拉姆那迦;;;;;;;;;;X
c_vadodara;婆豆陀罗;;;;;;;;;;X
c_vadodara_adj;婆豆陀罗;;;;;;;;;;X
b_vadodara;婆豆陀罗;;;;;;;;;;X
b_ankotakka;安x多迦;;;;;;;;;;X
b_kayavarohan;迦耶伐卢汗;;;;;;;;;;X
b_vatpatrak;跋波罗;;;;;;;;;;X
b_darbhavati;陀婆诃伐提;;;;;;;;;;X
b_nasvadi;那萨迪;;;;;;;;;;X
c_mandavyapura;曼陀毗耶补罗;;;;;;;;;;X
c_mandavyapura_adj;曼陀毗耶补罗;;;;;;;;;;X
b_mandavyapura;曼陀毗耶补罗;;;;;;;;;;X
b_siwana;斯瓦那;;;;;;;;;;X
b_osian;乌珊;;;;;;;;;;X
b_sanderaka;桑啼罗迦;;;;;;;;;;X
b_korta;x多;;;;;;;;;;X
b_mathania;摩檀亚;;;;;;;;;;X
b_ghanerao;迦内罗;;;;;;;;;;X
c_medantaka;弥檀多伽;;;;;;;;;;X
c_medantaka_adj;弥檀多伽;;;;;;;;;;X
b_medantaka;弥檀多伽;;;;;;;;;;X
b_purnatallakapura;补那多罗迦补罗;;;;;;;;;;X
b_phalarddhi;波罗婆提;;;;;;;;;;X
b_sanjoo;桑耆;;;;;;;;;;X
c_godwad;x罗婆罗;;;;;;;;;;X
c_godwad_adj;x罗婆罗;;;;;;;;;;X
b_candravati;旃陀罗婆提;;;;;;;;;;X
b_bhillamala;毗罗摩罗;;;;;;;;;;X
b_jalor;迦卢尔;;;;;;;;;;X
b_barodiya;婆卢蒂耶;;;;;;;;;;X
b_achalgarh;阿旃罗迦;;;;;;;;;;X
b_naddula;那菟罗;;;;;;;;;;X
b_khudala;丘陀罗;;;;;;;;;;X
c_vikramapura;毗迦罗摩补罗;;;;;;;;;;X
c_vikramapura_adj;毗迦罗摩补罗;;;;;;;;;;X
b_vikramapura;毗迦罗摩补罗;;;;;;;;;;X
b_kolayat;x罗耶;;;;;;;;;;X
b_bhurupal;浮卢婆;;;;;;;;;;X
b_bhandasar;般陀萨;;;;;;;;;;X
b_shekhsar;舍迦尔;;;;;;;;;;X
c_reni;梨尼;;;;;;;;;;X
c_reni_adj;梨尼;;;;;;;;;;X
b_reni;梨尼;;;;;;;;;;X
b_dadrewa;陀多瓦;;;;;;;;;;X
b_mandir;曼提尔;;;;;;;;;;X
b_bidasar;毗陀娑;;;;;;;;;;X
b_sidhmukh;斯的摩卡;;;;;;;;;;X
c_nagauda;那乔佗;;;;;;;;;;X
c_nagauda_adj;那乔佗;;;;;;;;;;X
b_ahichhatrapur;阿西哈特罗婆;;;;;;;;;;X
b_nagauda;那乔佗;;;;;;;;;;X
b_ladnu;罗努;;;;;;;;;;X
b_makrana;摩罗那;;;;;;;;;;X
b_ladnun;罗努恩;;;;;;;;;;X
b_kuchaman;古贾;;;;;;;;;;X
b_mundwa;蒙德拉;;;;;;;;;;X
c_ludrava;律陀罗婆;;;;;;;;;;X
c_ludrava_adj;律陀罗婆;;;;;;;;;;X
b_ludrava;律陀罗婆;;;;;;;;;;X
b_phalavardhika;帕罗婆迪迦;;;;;;;;;;X
b_lanela;罗内罗;;;;;;;;;;X
b_jaisalmer;贾沙梅尔;;;;;;;;;;X
b_pali;波尼;;;;;;;;;;X
c_vijnot;毗者努多;;;;;;;;;;X
c_vijnot_adj;毗者努多;;;;;;;;;;X
b_vijnot;毗者努多;;;;;;;;;;X
b_bhatiya;般提耶;;;;;;;;;;X
b_kishangarh;吉申格尔;;;;;;;;;;X
b_ghotki;科德吉;;;;;;;;;;X
c_satyapura;实有城;;;;;;;;;;X
c_satyapura_adj;实有城;;;;;;;;;;X
b_kiratakupa;吉罗多具波;;;;;;;;;;X
b_satyapura;实有城;;;;;;;;;;X
b_kiradu;吉罗菟;;;;;;;;;;X
b_juna_barmer;周那 婆摩尔;;;;;;;;;;X
c_medapata;密陀波多;;;;;;;;;;X
c_medapata_adj;密陀波多;;;;;;;;;;X
b_aghata;阿迦纱;;;;;;;;;;X
b_eklingji;埃格灵吉;;;;;;;;;;X
b_nagahrada;那迦罗陀;;;;;;;;;;X
b_bagar;婆迦尔;;;;;;;;;;X
b_jagadamba;迦甘丹婆;;;;;;;;;;X
b_sas_bahu;纱斯 婆侯;;;;;;;;;;X
b_rishabhdeo;利舍布的;;;;;;;;;;X
c_chitrakut;制多罗山;;;;;;;;;;X
c_chitrakut_adj;制多罗山;;;;;;;;;;X
b_chitrakut;制多罗山;;;;;;;;;;X
b_rampura;兰补罗;;;;;;;;;;X
b_baroli;婆卢利;;;;;;;;;;X
b_bhainsrorgarh;拜恩斯罗加尔;;;;;;;;;;X
b_mandalgarh;曼达尔加尔;;;;;;;;;;X
b_nagari;那迦利;;;;;;;;;;X
c_kota;x多;;;;;;;;;;X
c_kota_adj;x多;;;;;;;;;;X
b_kota;x多;;;;;;;;;;X
b_koshvardhan;克萨瓦达;;;;;;;;;;X
b_bundi;本迪;;;;;;;;;;X
b_taragarh;达拉格尔;;;;;;;;;;X
c_ajayameru;阿^耶弥卢;;;;;;;;;;X
c_ajayameru_adj;阿^耶弥卢;;;;;;;;;;X
b_shakambhari;舍甘婆尼;;;;;;;;;;X
b_pushkar;普什卡;;;;;;;;;;X
b_ajayameru;阿^耶弥卢;;;;;;;;;;X
b_dhanop;檀努;;;;;;;;;;X
b_nareli;纳内里;;;;;;;;;;X
b_lawah;罗瓦哈;;;;;;;;;;X
c_ranthambore;罗那湿昙婆补罗;;;;;;;;;;X
c_ranthambore_adj;罗那湿昙婆补罗;;;;;;;;;;X
b_ranthambore;罗那湿昙婆补罗;;;;;;;;;;X
b_gangapur;甘迦补罗;;;;;;;;;;X
b_tonkra;通卡;;;;;;;;;;X
b_utgir;乌德吉尔;;;;;;;;;;X
b_mandrael;门的罗尔;;;;;;;;;;X
b_sheopur;谢奥补罗;;;;;;;;;;X
c_vairata;吠罗多;;;;;;;;;;X
c_vairata_adj;吠罗多;;;;;;;;;;X
b_harshnath;哈沙那;;;;;;;;;;X
b_vairata;吠罗多;;;;;;;;;;X
b_sanganer;桑格内尔;;;;;;;;;;X
b_amer;阿墨尔;;;;;;;;;;X
b_dhosi;都斯;;;;;;;;;;X
b_jhunjhunu;均均乌恩;;;;;;;;;;X
b_jeenmata;o摩多;;;;;;;;;;X
b_khatushyam;揭都释姆;;;;;;;;;;X
c_debul;提布尔;;;;;;;;;;X
c_debul_adj;提布尔;;;;;;;;;;X
b_debul;提布尔;;;;;;;;;;X
b_banbhore;斑波尔;;;;;;;;;;X
b_landhi;兰蒂希;;;;;;;;;;X
b_thatta;塔达;;;;;;;;;;X
b_makli;摩柯尼;;;;;;;;;;X
b_shahbandar;舍般陀;;;;;;;;;;X
b_kolachi;x罗支;;;;;;;;;;X
b_lari_bandar;罗利 般陀;;;;;;;;;;X
c_sonda;孙佗;;;;;;;;;;X
c_sonda_adj;孙佗;;;;;;;;;;X
b_sonda;孙佗;;;;;;;;;;X
b_nagarparkar;那迦波迦;;;;;;;;;;X
b_karoonjar;迦卢恩奢;;;;;;;;;;X
b_amarkot;阿莫乔特;;;;;;;;;;X
b_mamhal;蒙诃尔;;;;;;;;;;X
b_matli;秣尼;;;;;;;;;;X
b_badin;婆陈;;;;;;;;;;X
c_mansura;曼苏拉;;;;;;;;;;X
c_mansura_adj;曼苏拉;;;;;;;;;;X
b_mansura;曼苏拉;;;;;;;;;;X
b_mirpur_khas;米尔布尔哈斯;;;;;;;;;;X
b_hala;诃罗;;;;;;;;;;X
b_nerunkot;内兰乔特;;;;;;;;;;X
b_matiari;摩提阿利;;;;;;;;;;X
b_nasarpur;那萨补罗;;;;;;;;;;X
b_mirman;米尔曼;;;;;;;;;;X
c_ranikot;兰尼科特;;;;;;;;;;X
c_ranikot_adj;兰尼科特;;;;;;;;;;X
b_ranikot;兰尼科特;;;;;;;;;;X
b_sharusan;舍楼桑;;;;;;;;;;X
b_paat;波罗;;;;;;;;;;X
b_khudabad;丘陀跋;;;;;;;;;;X
b_manhabari;曼诃婆尼;;;;;;;;;;X
b_jandar;旬陀;;;;;;;;;;X
c_siwistan;室毗湿檀那;;;;;;;;;;X
c_siwistan_adj;室毗湿檀那;;;;;;;;;;X
b_siwistan;室毗湿檀那;;;;;;;;;;X
b_dahlilah;陀梨罗那;;;;;;;;;;X
b_mir_rukan;弥尔 楼乾;;;;;;;;;;X
b_guja;古奢;;;;;;;;;;X
b_vicalapura;毗遮罗补罗;;;;;;;;;;X
c_bhakkar;巴卡尔;;;;;;;;;;X
c_bhakkar_adj;巴卡尔;;;;;;;;;;X
b_bhakkar;巴卡尔;;;;;;;;;;X
b_larkana;拉卡纳;;;;;;;;;;X
b_sarkara;煞割令;;;;;;;;;;X
b_kalari;卡拉里;;;;;;;;;;X
b_shikarpur;希卡补罗;;;;;;;;;;X
c_aror;阿卢梨;;;;;;;;;;X
c_aror_adj;阿卢梨;;;;;;;;;;X
b_aror;阿卢梨;;;;;;;;;;X
b_sukkur;苏库尔;;;;;;;;;;X
b_basmak;巴斯马克;;;;;;;;;;X
b_siraj_ji_takri;斯利加-吉-塔克里;;;;;;;;;;X
b_allah_abad;阿拉 阿巴德;;;;;;;;;;X
c_rajanpur;罗旬补罗;;;;;;;;;;X
c_rajanpur_adj;罗旬补罗;;;;;;;;;;X
b_rajanpur;罗旬补罗;;;;;;;;;;X
b_rojhan;罗申;;;;;;;;;;X
b_adhiwala;代希瓦勒;;;;;;;;;;X
b_harrand;哈兰德;;;;;;;;;;X
b_dajal;陀迦;;;;;;;;;;X
c_sibi;尸毗;;;;;;;;;;X
c_sibi_adj;尸毗;;;;;;;;;;X
b_sibi;尸毗;;;;;;;;;;X
b_mastanj;马斯坦迦;;;;;;;;;;X
b_walishtan;瓦利斯坦;;;;;;;;;;X
b_dadhar;达哈尔;;;;;;;;;;X
c_multan;木尔坦;;;;;;;;;;X
c_multan_adj;木尔坦;;;;;;;;;;X
b_multan;木尔坦;;;;;;;;;;X
b_mulasthana;茂罗三部卢;;;;;;;;;;X
b_kabirwala;卡比瓦拉;;;;;;;;;;X
b_tulamba;图兰巴;;;;;;;;;;X
b_prahladpuri;帕拉哈拉普里;;;;;;;;;;X
b_alipur;阿里补罗;;;;;;;;;;X
b_makhdum_rashid;玛哈图木 拉希德;;;;;;;;;;X
c_kafirkot;卡菲尔科特;;;;;;;;;;X
c_kafirkot_adj;卡菲尔科特;;;;;;;;;;X
b_kafirkot;卡菲尔科特;;;;;;;;;;X
b_malot;马诺特;;;;;;;;;;X
b_bilot;比诺特;;;;;;;;;;X
b_maniot;马尼诃特;;;;;;;;;;X
b_dera_ghazi_khan;德拉加济汗;;;;;;;;;;X
c_uch;邬脂;;;;;;;;;;X
c_uch_adj;邬脂;;;;;;;;;;X
b_uch;邬脂;;;;;;;;;;X
b_chachran;卡克兰;;;;;;;;;;X
b_mithankot;米坦科特;;;;;;;;;;X
b_derawar;德拉瓦;;;;;;;;;;X
b_chaudari;卡达利;;;;;;;;;;X
b_sitpur;锡德补罗;;;;;;;;;;X
c_karur;伽卢罗;;;;;;;;;;X
c_karur_adj;伽卢罗;;;;;;;;;;X
b_karur;伽卢罗;;;;;;;;;;X
b_askhanda;阿斯坎达;;;;;;;;;;X
b_vehari;维哈里;;;;;;;;;;X
b_chishtian;克里斯坦;;;;;;;;;;X
b_marot;默罗德;;;;;;;;;;X
c_karor;迦卢罗;;;;;;;;;;X
c_karor_adj;迦卢罗;;;;;;;;;;X
b_karor;迦卢罗;;;;;;;;;;X
b_mankera;门盖拉;;;;;;;;;;X
b_shadia;沙迪亚;;;;;;;;;;X
b_wan_bhachran;瓦 巴查兰;;;;;;;;;;X
c_bannu;般奴;;;;;;;;;;X
c_bannu_adj;般奴;;;;;;;;;;X
b_bannu;般奴;;;;;;;;;;X
b_hangu;汉古;;;;;;;;;;X
b_karrak;卡拉克;;;;;;;;;;X
b_kohat;科哈特;;;;;;;;;;X
b_dinkot;邓科特;;;;;;;;;;X
b_kalabagh;加拉伯克;;;;;;;;;;X
c_lahur;拉合尔;;;;;;;;;;X
c_lahur_adj;拉合尔;;;;;;;;;;X
b_lahur;拉合尔;;;;;;;;;;X
b_sangla;桑格拉;;;;;;;;;;X
b_kasur;卡苏尔;;;;;;;;;;X
b_samnabad;萨姆那巴德;;;;;;;;;;X
b_mehdiabad;迈赫迪耶巴德;;;;;;;;;;X
b_chunian;楚里安;;;;;;;;;;X
b_data_darbar;达塔 达巴尔;;;;;;;;;;X
c_dipalpur;提波补罗;;;;;;;;;;X
c_dipalpur_adj;提波补罗;;;;;;;;;;X
b_pancapura;旁遮补罗;;;;;;;;;;X
b_dipalpur;提波补罗;;;;;;;;;;X
b_abohar;阿博赫尔;;;;;;;;;;X
b_ajodhan;阿乔的汗;;;;;;;;;;X
b_satghara;萨特迦拉;;;;;;;;;;X
b_chichawatni;奇查瓦尼;;;;;;;;;;X
c_bhera;吠罗;;;;;;;;;;X
c_bhera_adj;吠罗;;;;;;;;;;X
b_bhera;吠罗;;;;;;;;;;X
b_rampur;瑞木颇;;;;;;;;;;X
b_katasraj;泪眼;;;;;;;;;;X
b_girjakh;吉迦卡;;;;;;;;;;X
b_behak_maken;贝哈克 马肯;;;;;;;;;;X
b_phalia;费里亚;;;;;;;;;;X
c_shorkot;绍科特;;;;;;;;;;X
c_shorkot_adj;绍科特;;;;;;;;;;X
b_bhirr;班尔;;;;;;;;;;X
b_shorkot;绍科特;;;;;;;;;;X
b_kamalia;卡马拉;;;;;;;;;;X
b_chandrod;查德罗的;;;;;;;;;;X
b_bhawana;巴哈瓦那;;;;;;;;;;X
b_jhang;章;;;;;;;;;;X
b_rabwah;拉布瓦;;;;;;;;;;X
c_sakala;奢羯罗;;;;;;;;;;X
c_sakala_adj;奢羯罗;;;;;;;;;;X
b_sakala;奢羯罗;;;;;;;;;;X
b_jammu;查谟;;;;;;;;;;X
b_bhuttar;普多尔;;;;;;;;;;X
b_bahu;巴胡;;;;;;;;;;X
b_vallapura;婆罗补罗;;;;;;;;;;X
b_puran_nagar;普兰 那伽罗;;;;;;;;;;X
b_pasrur;帕萨鲁尔;;;;;;;;;;X
c_trigarta;三穴;;;;;;;;;;X
c_trigarta_adj;三穴;;;;;;;;;;X
b_jalandhar;贾朗达尔;;;;;;;;;;X
b_kahlur;贾罗尔;;;;;;;;;;X
b_rahon;拉亨;;;;;;;;;;X
b_pathankot;帕坦科特;;;;;;;;;;X
b_kaparthula;卡补罗塔拉;;;;;;;;;;X
b_milwat;密瓦特;;;;;;;;;;X
b_sarwmanpur;撒曼补罗;;;;;;;;;;X
b_kangra;坎格拉;;;;;;;;;;X
c_gurjaratra;瞿折罗多罗;;;;;;;;;;X
c_gurjaratra_adj;瞿折罗多罗;;;;;;;;;;X
b_gurjaratra;瞿折罗多罗;;;;;;;;;;X
b_jhelum;杰赫勒姆;;;;;;;;;;X
b_kharian;贾里安;;;;;;;;;;X
b_kunjah;贡迦;;;;;;;;;;X
b_hakla;哈卡拉;;;;;;;;;;X
b_tibbi;提毗;;;;;;;;;;X
b_karianwala;加利安瓦拉;;;;;;;;;;X
b_bhaddar;婆陀;;;;;;;;;;X
c_udabhanda;优多般陀;;;;;;;;;;X
c_udabhanda_adj;优多般陀;;;;;;;;;;X
b_udabhanda;优多般陀;;;;;;;;;;X
b_charsada;濮达;;;;;;;;;;X
b_oddiyana;乌苌;;;;;;;;;;X
b_attak;阿塔克;;;;;;;;;;X
b_mankiala;门吉亚罗;;;;;;;;;;X
b_rawal;拉瓦尔;;;;;;;;;;X
b_ohind;奥希德;;;;;;;;;;X
c_purushapura;佛楼沙;;;;;;;;;;X
c_purushapura_adj;佛楼沙;;;;;;;;;;X
b_purushapura;佛楼沙;;;;;;;;;;X
b_shah_ji_dheri;沙-吉-谢里;;;;;;;;;;X
b_nowshera;瑙谢拉;;;;;;;;;;X
b_ali_masjid;阿里清真寺;;;;;;;;;;X
b_bajaur;巴焦尔;;;;;;;;;;X
b_mardan;马尔丹;;;;;;;;;;X
b_shergarh;谢尔格尔;;;;;;;;;;X
c_nandana;欢喜园;;;;;;;;;;X
c_nandana_adj;欢喜园;;;;;;;;;;X
b_nandana;欢喜园;;;;;;;;;;X
b_hund;候德;;;;;;;;;;X
b_lund2;伦德;;;;;;;;;;X
b_simhapura;僧诃补罗;;;;;;;;;;X
b_khushab;库沙布;;;;;;;;;;X
b_tulaja;陀罗奢;;;;;;;;;;X
b_khewra;凯沃拉;;;;;;;;;;X
c_kasmira;迦湿弥罗;;;;;;;;;;X
c_kasmira_adj;迦湿弥罗;;;;;;;;;;X
b_srinagara;吉祥天城;;;;;;;;;;X
b_shankaracharya;商羯罗查尔雅;;;;;;;;;;X
b_parihasapura;波利诃娑补罗;;;;;;;;;;X
b_padmapura;浮摩补罗;;;;;;;;;;X
b_loharakota;罗阿那乔多;;;;;;;;;;X
b_amaresvara;阿玛萨瓦拉;;;;;;;;;;X
b_baghsar;婆吉萨尔;;;;;;;;;;X
c_nagadipa;那迦岛;;;;;;;;;;X
c_nagadipa_adj;那迦岛;;;;;;;;;;X
b_sukaratittha;须迦罗提多;;;;;;;;;;X
b_yapapatuna;耶波波都那;;;;;;;;;;X
b_vallipuram;婆利浮兰;;;;;;;;;;X
b_nallur;讷卢尔;;;;;;;;;;X
b_nainativu;奈纳岛;;;;;;;;;;X
c_phiti;毗醯提;;;;;;;;;;X
c_phiti_adj;毗醯提;;;;;;;;;;X
b_anuradhapura;阿努拉德补罗;;;;;;;;;;X
b_atamasthana;多摩萨诃那;;;;;;;;;;X
b_mahatittha;大岸村;;;;;;;;;;X
b_punkhagama;浮迦甘摩;;;;;;;;;;X
b_mihintale;密亨达勒;;;;;;;;;;X
b_mannara;曼那罗;;;;;;;;;;X
b_subhagiri;须婆耆厘;;;;;;;;;;X
c_kotthasara;屈多娑罗;;;;;;;;;;X
c_kotthasara_adj;屈多娑罗;;;;;;;;;;X
b_pulatthinagara;浮兰提那伽罗;;;;;;;;;;X
b_gokanna;乔乾那;;;;;;;;;;X
b_sigiriya;斯耆利耶;;;;;;;;;;X
b_vatagiri;伐多耆利;;;;;;;;;;X
b_trincomalee;亭可马里;;;;;;;;;;X
b_girikandaka;耆利乾陀迦;;;;;;;;;;X
b_madakalapuva;摩陀迦兰浮瓦;;;;;;;;;;X
c_dakhina_desa;南域;;;;;;;;;;X
c_dakhina_desa_adj;南域;;;;;;;;;;X
b_vapinagara;婆毗那伽罗;;;;;;;;;;X
b_samantakuta;沙蒙多俱多;;;;;;;;;;X
b_kalyani2;迦利尼;;;;;;;;;;X
b_mahiyangana;摩喜扬伽那;;;;;;;;;;X
b_jambudoni;旬波多尼;;;;;;;;;;X
b_hatthigiripura;诃吒耆厘补罗;;;;;;;;;;X
b_kotte;科特;;;;;;;;;;X
b_rayigama;罗依伽摩;;;;;;;;;;X
c_rohana;卢诃那;;;;;;;;;;X
c_rohana_adj;卢诃那;;;;;;;;;;X
b_mahagama;玛哈嘎拉;;;;;;;;;;X
b_dighavapi;帝伽伐比;;;;;;;;;;X
b_mahanagakula;班南陀塔;;;;;;;;;;X
b_devanagara;提婆那伽罗;;;;;;;;;;X
b_gampala;坎帕拉;;;;;;;;;;X
b_kajaragama;迦^罗迦摩;;;;;;;;;;X
b_buduruvagala;博杜瓦迦拉;;;;;;;;;;X
c_maldives;花环洲;;;;;;;;;;X
c_maldives_adj;花环洲;;;;;;;;;;X
b_mahal;摩诃罗;;;;;;;;;;X
b_fuvahmulah;孚瓦姆拉;;;;;;;;;;X
b_isdhoo;伊斯杜岛;;;;;;;;;;X
b_salliballu;萨利巴鲁;;;;;;;;;;X
b_dhanbidhoo;达恩比杜岛;;;;;;;;;;X
b_mundoo;曼都;;;;;;;;;;X
b_gan;噶恩;;;;;;;;;;X
c_quzdar;古兹达尔;;;;;;;;;;X
c_quzdar_adj;古兹达尔;;;;;;;;;;X
b_quzdar;古兹达尔;;;;;;;;;;X
b_bodein;博登;;;;;;;;;;X
c_wana;弯那;;;;;;;;;;X
c_wana_adj;弯那;;;;;;;;;;X
b_bori;菩里;;;;;;;;;;X
c_chagai;查盖;;;;;;;;;;X
c_chagai_adj;查盖;;;;;;;;;;X
b_nushki;努什基;;;;;;;;;;X
c_kandail;甘代尔;;;;;;;;;;X
c_kandail_adj;甘代尔;;;;;;;;;;X
b_kandail;甘代尔;;;;;;;;;;X
b_dadu;达都;;;;;;;;;;X
b_jhal;切尔;;;;;;;;;;X
c_armail;亚梅尔;;;;;;;;;;X
c_armail_adj;亚梅尔;;;;;;;;;;X
b_armail;亚梅尔;;;;;;;;;;X
b_hingula;辛古拉;;;;;;;;;;X
b_kambali;坎巴里;;;;;;;;;;X
b_yusli;育里;;;;;;;;;;X
b_adinapur;那揭罗喝国;;;;;;;;;;X
b_nagarahara;那竭国;;;;;;;;;;X
b_kapisa;卡皮萨;;;;;;;;;;X
b_lampara;兰帕那;;;;;;;;;;X
b_kunar;库纳尔;;;;;;;;;;X
b_kharabat;嘎啦巴特;;;;;;;;;;X
c_bamiyan;梵衍那;;;;;;;;;;X
c_bamiyan_adj;梵衍那;;;;;;;;;;X
b_bamiyan;梵衍那;;;;;;;;;;X
b_shar_i_gholghola;沙尔-格拉哈拉;;;;;;;;;;X
b_istalif;伊斯塔利法;;;;;;;;;;X
b_zakhak;扎哈卡;;;;;;;;;;X
b_shibar;瑟巴尔;;;;;;;;;;X
b_chak;查克;;;;;;;;;;X
b_aibak;艾贝克;;;;;;;;;;X
c_makran;莫克兰;;;;;;;;;;X
c_makran_adj;莫克兰;;;;;;;;;;X
b_al_haur;艾尔-哈尔;;;;;;;;;;X
b_kiz;基兹;;;;;;;;;;X
b_ormara;奥尔马拉;;;;;;;;;;X
b_kannazbun;坎纳布;;;;;;;;;;X
b_borama;博拉马;;;;;;;;;;X
b_dilla;迪拉;;;;;;;;;;X
b_lughaya;路哈亚;;;;;;;;;;X
b_shellal;谢拉尔;;;;;;;;;;X
b_bigeh;比格;;;;;;;;;;X
b_dakkar;达卡;;;;;;;;;;X
b_alemaya;阿勒马亚;;;;;;;;;;X
b_dandolo;丹多洛;;;;;;;;;;X
b_contarini;康达利尼;;;;;;;;;;X
b_faliero;法雷诺;;;;;;;;;;X
b_morosini;莫罗西尼;;;;;;;;;;X
b_ziani;济亚尼;;;;;;;;;;X
b_candiano;加迪亚诺;;;;;;;;;;X
b_orsoleo;奥索内罗;;;;;;;;;;X
b_participazio;帕契帕索;;;;;;;;;;X
b_tribuno;提布恩科;;;;;;;;;;X
b_tradonico;特唐尼克;;;;;;;;;;X
b_doria;多里亚;;;;;;;;;;X
b_spinola;斯皮诺拉;;;;;;;;;;X
b_grimaldi;格里马尔迪;;;;;;;;;;X
b_fieschi;费尔斯奇;;;;;;;;;;X
b_embriaco;恩布拉科;;;;;;;;;;X
b_dappiano;达皮亚诺;;;;;;;;;;X
b_della_gherardesca;黛拉 格拉黛丝卡;;;;;;;;;;X
b_visconti;威斯康迪;;;;;;;;;;X
b_alliata;阿里亚塔;;;;;;;;;;X
b_caetani;卡塔尼;;;;;;;;;;X
b_bardewik;巴德文科;;;;;;;;;;X
b_vorrade;沃拉德;;;;;;;;;;X
b_warendorp;瓦伦多夫;;;;;;;;;;X
b_pat_luneburg;吕讷堡;;;;;;;;;;X
b_wittenborg;威腾堡;;;;;;;;;;X
b_stenkyrka;斯特吉卡;;;;;;;;;;X
b_guldsmed;古德莫德;;;;;;;;;;X
b_hejnum;海履;;;;;;;;;;X
b_gildehusen;吉德胡塞;;;;;;;;;;X
b_strabain;斯坦班;;;;;;;;;;X
b_konstantios;康斯坦提诺斯;;;;;;;;;;X
b_mauro;姆斯科;;;;;;;;;;X
b_musco;姆斯科;;;;;;;;;;X
b_polkarios;婆嘎里罗;;;;;;;;;;X
b_urso;瓦尔索;;;;;;;;;;X
b_ghaneraov;嘎内拉罗;;;;;;;;;;X
b_gwalior;果庐罗;;;;;;;;;;X
b_sahastrabahu;萨哈特巴哈;;;;;;;;;;X
b_dabra;德布拉;;;;;;;;;;X
b_narwar;讷尔沃尔;;;;;;;;;;X
b_sabalgarh;萨巴尔加尔;;;;;;;;;;X
b_vijaypur;维贾伊补罗;;;;;;;;;;X
b_tiruccirapalli;蒂鲁吉拉帕利;;;;;;;;;;X
b_rohana;卢诃那;;;;;;;;;;X
b_bateshwar;巴特沙瓦尔;;;;;;;;;;X
b_pankak;盘卡克;;;;;;;;;;X
b_banan;班安;;;;;;;;;;X
b_shukla;苏卡拉;;;;;;;;;;X
b_tumanyan;图曼扬;;;;;;;;;;X
b_askiz;阿斯基兹;;;;;;;;;;X
b_arlik;艾里克;;;;;;;;;;X
b_dasu;达苏;;;;;;;;;;X
b_adar;阿达尔;;;;;;;;;;X
b_masal;马萨拉;;;;;;;;;;X
b_kargal;卡加尔;;;;;;;;;;X
b_dhrol;陀罗;;;;;;;;;;X
b_ranakpur;热那克普;;;;;;;;;;X
b_pattiseema;帕迪瑟玛;;;;;;;;;;X
b_sialkot;酰x;;;;;;;;;;X
b_talq;塔拉喀;;;;;;;;;;X
